Timestamp(ms),Vref_ADC,Vref_V,Vref_Filtered,Vgas_ADC,Vgas_V,Vgas_Filtered,Sampling_rate(fs),Cutoff_frequency(fc)
1013,1935,1.5593,1.5466,2038,1.6423,1.6581,1.00,0.10
2023,1997,1.6093,1.5528,1989,1.6029,1.6519,1.00,0.10
3024,1991,1.6045,1.5670,1990,1.6037,1.6388,1.00,0.10
4025,1992,1.6053,1.5833,1981,1.5964,1.6234,1.00,0.10
5026,1991,1.6045,1.5959,1975,1.5916,1.6099,1.00,0.10
6027,1992,1.6053,1.6035,1971,1.5884,1.5995,1.00,0.10
7028,1990,1.6037,1.6069,1963,1.5819,1.5920,1.00,0.10
8029,1991,1.6045,1.6077,1959,1.5787,1.5864,1.00,0.10
9030,1989,1.6029,1.6069,1960,1.5795,1.5823,1.00,0.10
10031,1991,1.6045,1.6057,1959,1.5787,1.5797,1.00,0.10
11032,1996,1.6085,1.6051,1964,1.5827,1.5787,1.00,0.10
12033,1993,1.6061,1.6053,1965,1.5835,1.5791,1.00,0.10
13034,1993,1.6061,1.6058,1967,1.5851,1.5806,1.00,0.10
14035,1991,1.6045,1.6059,1967,1.5851,1.5823,1.00,0.10
15036,1992,1.6053,1.6058,1973,1.5900,1.5841,1.00,0.10
16037,1993,1.6061,1.6056,1981,1.5964,1.5865,1.00,0.10
17038,1991,1.6045,1.6055,1982,1.5972,1.5898,1.00,0.10
18039,1995,1.6077,1.6055,1977,1.5932,1.5928,1.00,0.10
19040,1992,1.6053,1.6057,1977,1.5932,1.5945,1.00,0.10
20041,1991,1.6045,1.6058,1973,1.5900,1.5946,1.00,0.10
21042,1983,1.5980,1.6051,1965,1.5835,1.5932,1.00,0.10
22043,1983,1.5980,1.6033,1963,1.5819,1.5903,1.00,0.10
23044,1989,1.6029,1.6015,1955,1.5755,1.5865,1.00,0.10
24045,1991,1.6045,1.6009,1957,1.5771,1.5825,1.00,0.10
25046,1983,1.5980,1.6011,1955,1.5755,1.5792,1.00,0.10
26047,1991,1.6045,1.6012,1958,1.5779,1.5771,1.00,0.10
27048,1984,1.5988,1.6013,1963,1.5819,1.5765,1.00,0.10
28049,1991,1.6045,1.6014,1971,1.5884,1.5779,1.00,0.10
29050,1992,1.6053,1.6020,1971,1.5884,1.5809,1.00,0.10
30051,1995,1.6077,1.6032,1976,1.5924,1.5844,1.00,0.10
31052,1993,1.6061,1.6047,1981,1.5964,1.5880,1.00,0.10
32053,1993,1.6061,1.6057,1964,1.5827,1.5906,1.00,0.10
33054,1981,1.5964,1.6056,1977,1.5932,1.5911,1.00,0.10
34055,1983,1.5980,1.6039,1963,1.5819,1.5905,1.00,0.10
35056,1983,1.5980,1.6014,1962,1.5811,1.5886,1.00,0.10
36057,1983,1.5980,1.5995,1959,1.5787,1.5857,1.00,0.10
37058,1981,1.5964,1.5982,1955,1.5755,1.5825,1.00,0.10
38059,1991,1.6045,1.5978,1958,1.5779,1.5797,1.00,0.10
39060,1976,1.5924,1.5981,1955,1.5755,1.5777,1.00,0.10
40061,1991,1.6045,1.5983,1965,1.5835,1.5770,1.00,0.10
41062,1993,1.6061,1.5993,1964,1.5827,1.5779,1.00,0.10
42063,1989,1.6029,1.6013,1971,1.5884,1.5800,1.00,0.10
43064,1994,1.6069,1.6030,1977,1.5932,1.5830,1.00,0.10
44065,1991,1.6045,1.6043,1973,1.5900,1.5865,1.00,0.10
45066,1981,1.5964,1.6045,1967,1.5851,1.5888,1.00,0.10
46067,1981,1.5964,1.6030,1975,1.5916,1.5895,1.00,0.10
47068,1982,1.5972,1.6006,1965,1.5835,1.5894,1.00,0.10
48069,1983,1.5980,1.5987,1961,1.5803,1.5881,1.00,0.10
49070,1981,1.5964,1.5976,1960,1.5795,1.5856,1.00,0.10
50071,1973,1.5900,1.5965,1957,1.5771,1.5828,1.00,0.10
51072,1981,1.5964,1.5951,1955,1.5755,1.5802,1.00,0.10
52073,1980,1.5956,1.5944,1955,1.5755,1.5779,1.00,0.10
53074,1981,1.5964,1.5946,1951,1.5722,1.5761,1.00,0.10
54075,1980,1.5956,1.5950,1959,1.5787,1.5750,1.00,0.10
55076,1989,1.6029,1.5959,1959,1.5787,1.5751,1.00,0.10
56077,1981,1.5964,1.5972,1963,1.5819,1.5763,1.00,0.10
57078,1983,1.5980,1.5981,1965,1.5835,1.5782,1.00,0.10
58079,1993,1.6061,1.5989,1972,1.5892,1.5807,1.00,0.10
59080,1989,1.6029,1.6004,1977,1.5932,1.5839,1.00,0.10
60081,1983,1.5980,1.6016,1976,1.5924,1.5874,1.00,0.10
61082,1981,1.5964,1.6013,1971,1.5884,1.5900,1.00,0.10
62083,1982,1.5972,1.6000,1961,1.5803,1.5903,1.00,0.10
63084,1981,1.5964,1.5987,1966,1.5843,1.5886,1.00,0.10
64085,1983,1.5980,1.5976,1961,1.5803,1.5862,1.00,0.10
65086,1979,1.5948,1.5970,1951,1.5722,1.5833,1.00,0.10
66087,1972,1.5892,1.5960,1943,1.5658,1.5793,1.00,0.10
67088,1979,1.5948,1.5945,1947,1.5690,1.5746,1.00,0.10
68089,1977,1.5932,1.5935,1959,1.5787,1.5716,1.00,0.10
69090,1983,1.5980,1.5934,1951,1.5722,1.5712,1.00,0.10
70091,1983,1.5980,1.5943,1959,1.5787,1.5722,1.00,0.10
71092,1989,1.6029,1.5960,1963,1.5819,1.5741,1.00,0.10
72093,1983,1.5980,1.5979,1967,1.5851,1.5770,1.00,0.10
73094,1983,1.5980,1.5990,1965,1.5835,1.5801,1.00,0.10
74095,1983,1.5980,1.5992,1966,1.5843,1.5824,1.00,0.10
75096,1979,1.5948,1.5988,1975,1.5916,1.5843,1.00,0.10
76097,1989,1.6029,1.5983,1967,1.5851,1.5862,1.00,0.10
77098,1979,1.5948,1.5982,1965,1.5835,1.5870,1.00,0.10
78099,1979,1.5948,1.5978,1961,1.5803,1.5863,1.00,0.10
79100,1979,1.5948,1.5968,1957,1.5771,1.5844,1.00,0.10
80101,1979,1.5948,1.5959,1951,1.5722,1.5815,1.00,0.10
81102,1977,1.5932,1.5951,1947,1.5690,1.5779,1.00,0.10
82103,1973,1.5900,1.5941,1947,1.5690,1.5743,1.00,0.10
83104,1978,1.5940,1.5931,1949,1.5706,1.5714,1.00,0.10
84105,1979,1.5948,1.5927,1957,1.5771,1.5704,1.00,0.10
85106,1983,1.5980,1.5933,1961,1.5803,1.5715,1.00,0.10
86107,1983,1.5980,1.5946,1963,1.5819,1.5743,1.00,0.10
87108,1983,1.5980,1.5960,1967,1.5851,1.5776,1.00,0.10
88109,1983,1.5980,1.5972,1967,1.5851,1.5807,1.00,0.10
89110,1972,1.5892,1.5973,1963,1.5819,1.5830,1.00,0.10
90111,1978,1.5940,1.5961,1964,1.5827,1.5839,1.00,0.10
91112,1979,1.5948,1.5947,1955,1.5755,1.5834,1.00,0.10
92113,1977,1.5932,1.5940,1959,1.5787,1.5818,1.00,0.10
93114,1980,1.5956,1.5938,1951,1.5722,1.5796,1.00,0.10
94115,1977,1.5932,1.5939,1947,1.5690,1.5769,1.00,0.10
95116,1976,1.5924,1.5938,1955,1.5755,1.5744,1.00,0.10
96117,1977,1.5932,1.5935,1950,1.5714,1.5729,1.00,0.10
97118,1979,1.5948,1.5934,1955,1.5755,1.5724,1.00,0.10
98119,1977,1.5932,1.5935,1959,1.5787,1.5730,1.00,0.10
99120,1981,1.5964,1.5938,1964,1.5827,1.5748,1.00,0.10
100121,1977,1.5932,1.5942,1963,1.5819,1.5774,1.00,0.10
101122,1963,1.5819,1.5935,1967,1.5851,1.5799,1.00,0.10
102123,1977,1.5932,1.5916,1963,1.5819,1.5819,1.00,0.10
103124,1977,1.5932,1.5905,1957,1.5771,1.5827,1.00,0.10
104125,1979,1.5948,1.5909,1956,1.5763,1.5817,1.00,0.10
105126,1979,1.5948,1.5920,1948,1.5698,1.5795,1.00,0.10
106127,1975,1.5916,1.5930,1948,1.5698,1.5764,1.00,0.10
107128,1965,1.5835,1.5927,1944,1.5666,1.5731,1.00,0.10
108129,1975,1.5916,1.5912,1941,1.5642,1.5701,1.00,0.10
109130,1979,1.5948,1.5903,1948,1.5698,1.5678,1.00,0.10
110131,1979,1.5948,1.5910,1951,1.5722,1.5671,1.00,0.10
111132,1977,1.5932,1.5922,1955,1.5755,1.5683,1.00,0.10
112133,1979,1.5948,1.5931,1959,1.5787,1.5707,1.00,0.10
113134,1979,1.5948,1.5939,1971,1.5884,1.5743,1.00,0.10
114135,1981,1.5964,1.5946,1967,1.5851,1.5787,1.00,0.10
115136,1978,1.5940,1.5951,1963,1.5819,1.5823,1.00,0.10
116137,1981,1.5964,1.5953,1955,1.5755,1.5834,1.00,0.10
117138,1977,1.5932,1.5953,1959,1.5787,1.5824,1.00,0.10
118139,1974,1.5908,1.5948,1957,1.5771,1.5806,1.00,0.10
119140,1973,1.5900,1.5936,1951,1.5722,1.5787,1.00,0.10
120141,1973,1.5900,1.5922,1946,1.5682,1.5763,1.00,0.10
121142,1977,1.5932,1.5912,1961,1.5803,1.5741,1.00,0.10
122143,1975,1.5916,1.5910,1945,1.5674,1.5732,1.00,0.10
123144,1976,1.5924,1.5913,1948,1.5698,1.5723,1.00,0.10
124145,1977,1.5932,1.5917,1951,1.5722,1.5713,1.00,0.10
125146,1981,1.5964,1.5924,1959,1.5787,1.5714,1.00,0.10
126147,1977,1.5932,1.5933,1965,1.5835,1.5733,1.00,0.10
127148,1976,1.5924,1.5939,1965,1.5835,1.5765,1.00,0.10
128149,1972,1.5892,1.5935,1961,1.5803,1.5795,1.00,0.10
129150,1979,1.5948,1.5928,1955,1.5755,1.5808,1.00,0.10
130151,1974,1.5908,1.5924,1955,1.5755,1.5803,1.00,0.10
131152,1975,1.5916,1.5921,1955,1.5755,1.5787,1.00,0.10
132153,1979,1.5948,1.5920,1947,1.5690,1.5768,1.00,0.10
133154,1975,1.5916,1.5923,1944,1.5666,1.5742,1.00,0.10
134155,1975,1.5916,1.5924,1958,1.5779,1.5719,1.00,0.10
135156,1976,1.5924,1.5923,1949,1.5706,1.5714,1.00,0.10
136157,1973,1.5900,1.5921,1955,1.5755,1.5718,1.00,0.10
137158,1977,1.5932,1.5918,1951,1.5722,1.5724,1.00,0.10
138159,1979,1.5948,1.5919,1963,1.5819,1.5735,1.00,0.10
139160,1977,1.5932,1.5925,1964,1.5827,1.5756,1.00,0.10
140161,1975,1.5916,1.5930,1963,1.5819,1.5783,1.00,0.10
141162,1973,1.5900,1.5928,1957,1.5771,1.5801,1.00,0.10
142163,1975,1.5916,1.5922,1951,1.5722,1.5800,1.00,0.10
143164,1973,1.5900,1.5915,1950,1.5714,1.5782,1.00,0.10
144165,1971,1.5884,1.5908,1945,1.5674,1.5754,1.00,0.10
145166,1971,1.5884,1.5900,1942,1.5650,1.5722,1.00,0.10
146167,1973,1.5900,1.5893,1919,1.5464,1.5678,1.00,0.10
147168,1975,1.5916,1.5892,1955,1.5755,1.5635,1.00,0.10
148169,1975,1.5916,1.5897,1955,1.5755,1.5629,1.00,0.10
149170,1977,1.5932,1.5905,1957,1.5771,1.5662,1.00,0.10
150171,1975,1.5916,1.5914,1964,1.5827,1.5708,1.00,0.10
151172,1973,1.5900,1.5918,1965,1.5835,1.5755,1.00,0.10
152173,1977,1.5932,1.5918,1959,1.5787,1.5793,1.00,0.10
153174,1973,1.5900,1.5917,1958,1.5779,1.5809,1.00,0.10
154175,1977,1.5932,1.5917,1949,1.5706,1.5804,1.00,0.10
155176,1972,1.5892,1.5916,1947,1.5690,1.5779,1.00,0.10
156177,1971,1.5884,1.5911,1941,1.5642,1.5742,1.00,0.10
157178,1973,1.5900,1.5903,1941,1.5642,1.5703,1.00,0.10
158179,1979,1.5948,1.5901,1944,1.5666,1.5672,1.00,0.10
159180,1981,1.5964,1.5911,1951,1.5722,1.5660,1.00,0.10
160181,1973,1.5900,1.5924,1955,1.5755,1.5670,1.00,0.10
161182,1974,1.5908,1.5927,1955,1.5755,1.5695,1.00,0.10
162183,1983,1.5980,1.5928,1959,1.5787,1.5723,1.00,0.10
163184,1979,1.5948,1.5935,1963,1.5819,1.5752,1.00,0.10
164185,1975,1.5916,1.5942,1962,1.5811,1.5779,1.00,0.10
165186,1979,1.5948,1.5942,1955,1.5755,1.5796,1.00,0.10
166187,1973,1.5900,1.5938,1957,1.5771,1.5796,1.00,0.10
167188,1973,1.5900,1.5929,1951,1.5722,1.5785,1.00,0.10
168189,1970,1.5875,1.5916,1947,1.5690,1.5765,1.00,0.10
169190,1967,1.5851,1.5900,1939,1.5626,1.5734,1.00,0.10
170191,1967,1.5851,1.5881,1943,1.5658,1.5699,1.00,0.10
171192,1971,1.5884,1.5868,1940,1.5634,1.5669,1.00,0.10
172193,1968,1.5859,1.5863,1945,1.5674,1.5652,1.00,0.10
173194,1973,1.5900,1.5864,1943,1.5658,1.5647,1.00,0.10
174195,1973,1.5900,1.5871,1951,1.5722,1.5653,1.00,0.10
175196,1972,1.5892,1.5882,1951,1.5722,1.5670,1.00,0.10
176197,1973,1.5900,1.5890,1951,1.5722,1.5691,1.00,0.10
177198,1973,1.5900,1.5895,1960,1.5795,1.5713,1.00,0.10
178199,1976,1.5924,1.5900,1961,1.5803,1.5740,1.00,0.10
179200,1959,1.5787,1.5898,1955,1.5755,1.5764,1.00,0.10
180201,1975,1.5916,1.5885,1951,1.5722,1.5773,1.00,0.10
181202,1967,1.5851,1.5875,1947,1.5690,1.5763,1.00,0.10
182203,1971,1.5884,1.5871,1947,1.5690,1.5741,1.00,0.10
183204,1965,1.5835,1.5867,1945,1.5674,1.5717,1.00,0.10
184205,1972,1.5892,1.5864,1943,1.5658,1.5696,1.00,0.10
185206,1967,1.5851,1.5864,1928,1.5537,1.5670,1.00,0.10
186207,1965,1.5835,1.5862,1943,1.5658,1.5639,1.00,0.10
187208,1971,1.5884,1.5858,1945,1.5674,1.5625,1.00,0.10
188209,1971,1.5884,1.5860,1949,1.5706,1.5633,1.00,0.10
189210,1974,1.5908,1.5869,1955,1.5755,1.5657,1.00,0.10
190211,1975,1.5916,1.5882,1957,1.5771,1.5691,1.00,0.10
191212,1973,1.5900,1.5895,1956,1.5763,1.5725,1.00,0.10
192213,1974,1.5908,1.5903,1959,1.5787,1.5751,1.00,0.10
193214,1971,1.5884,1.5906,1957,1.5771,1.5769,1.00,0.10
194215,1967,1.5851,1.5900,1948,1.5698,1.5773,1.00,0.10
195216,1962,1.5811,1.5884,1949,1.5706,1.5760,1.00,0.10
196217,1967,1.5851,1.5863,1943,1.5658,1.5736,1.00,0.10
197218,1971,1.5884,1.5851,1944,1.5666,1.5709,1.00,0.10
198219,1963,1.5819,1.5848,1941,1.5642,1.5684,1.00,0.10
199220,1961,1.5803,1.5842,1933,1.5577,1.5660,1.00,0.10
200221,1968,1.5859,1.5834,1943,1.5658,1.5637,1.00,0.10
201222,1974,1.5908,1.5837,1945,1.5674,1.5629,1.00,0.10
202223,1971,1.5884,1.5852,1949,1.5706,1.5639,1.00,0.10
203224,1972,1.5892,1.5869,1957,1.5771,1.5663,1.00,0.10
204225,1973,1.5900,1.5882,1955,1.5755,1.5697,1.00,0.10
205226,1971,1.5884,1.5891,1960,1.5795,1.5730,1.00,0.10
206227,1965,1.5835,1.5890,1959,1.5787,1.5758,1.00,0.10
207228,1971,1.5884,1.5882,1959,1.5787,1.5778,1.00,0.10
208229,1965,1.5835,1.5872,1946,1.5682,1.5781,1.00,0.10
209230,1967,1.5851,1.5862,1943,1.5658,1.5761,1.00,0.10
210231,1965,1.5835,1.5853,1944,1.5666,1.5727,1.00,0.10
211232,1967,1.5851,1.5847,1937,1.5610,1.5692,1.00,0.10
212233,1961,1.5803,1.5841,1939,1.5626,1.5661,1.00,0.10
213234,1973,1.5900,1.5838,1935,1.5593,1.5635,1.00,0.10
214235,1966,1.5843,1.5843,1939,1.5626,1.5617,1.00,0.10
215236,1972,1.5892,1.5852,1947,1.5690,1.5614,1.00,0.10
216237,1967,1.5851,1.5861,1951,1.5722,1.5632,1.00,0.10
217238,1967,1.5851,1.5864,1955,1.5755,1.5663,1.00,0.10
218239,1971,1.5884,1.5865,1951,1.5722,1.5696,1.00,0.10
219240,1967,1.5851,1.5865,1957,1.5771,1.5723,1.00,0.10
220241,1965,1.5835,1.5863,1950,1.5714,1.5739,1.00,0.10
221242,1967,1.5851,1.5857,1946,1.5682,1.5741,1.00,0.10
222243,1963,1.5819,1.5849,1941,1.5642,1.5725,1.00,0.10
223244,1967,1.5851,1.5843,1943,1.5658,1.5700,1.00,0.10
224245,1963,1.5819,1.5838,1935,1.5593,1.5673,1.00,0.10
225246,1967,1.5851,1.5835,1939,1.5626,1.5647,1.00,0.10
226247,1967,1.5851,1.5836,1939,1.5626,1.5628,1.00,0.10
227248,1966,1.5843,1.5840,1917,1.5448,1.5608,1.00,0.10
228249,1971,1.5884,1.5846,1944,1.5666,1.5583,1.00,0.10
229250,1965,1.5835,1.5852,1947,1.5690,1.5582,1.00,0.10
230251,1967,1.5851,1.5855,1948,1.5698,1.5610,1.00,0.10
231252,1967,1.5851,1.5854,1949,1.5706,1.5645,1.00,0.10
232253,1974,1.5908,1.5856,1959,1.5787,1.5681,1.00,0.10
233254,1971,1.5884,1.5866,1961,1.5803,1.5720,1.00,0.10
234255,1965,1.5835,1.5873,1955,1.5755,1.5754,1.00,0.10
235256,1964,1.5827,1.5868,1949,1.5706,1.5768,1.00,0.10
236257,1965,1.5835,1.5856,1948,1.5698,1.5760,1.00,0.10
237258,1963,1.5819,1.5844,1944,1.5666,1.5738,1.00,0.10
238259,1962,1.5811,1.5833,1943,1.5658,1.5712,1.00,0.10
239260,1965,1.5835,1.5824,1939,1.5626,1.5684,1.00,0.10
240261,1963,1.5819,1.5821,1939,1.5626,1.5659,1.00,0.10
241262,1967,1.5851,1.5822,1934,1.5585,1.5637,1.00,0.10
242263,1958,1.5779,1.5824,1938,1.5618,1.5619,1.00,0.10
243264,1963,1.5819,1.5820,1941,1.5642,1.5611,1.00,0.10
244265,1965,1.5835,1.5816,1945,1.5674,1.5616,1.00,0.10
245266,1968,1.5859,1.5820,1947,1.5690,1.5633,1.00,0.10
246267,1967,1.5851,1.5831,1951,1.5722,1.5656,1.00,0.10
247268,1968,1.5859,1.5841,1951,1.5722,1.5682,1.00,0.10
248269,1963,1.5819,1.5847,1955,1.5755,1.5705,1.00,0.10
249270,1967,1.5851,1.5847,1951,1.5722,1.5724,1.00,0.10
250271,1967,1.5851,1.5846,1945,1.5674,1.5730,1.00,0.10
251272,1965,1.5835,1.5846,1945,1.5674,1.5721,1.00,0.10
252273,1963,1.5819,1.5843,1944,1.5666,1.5704,1.00,0.10
253274,1963,1.5819,1.5836,1945,1.5674,1.5688,1.00,0.10
254275,1962,1.5811,1.5828,1937,1.5610,1.5672,1.00,0.10
255276,1963,1.5819,1.5822,1939,1.5626,1.5655,1.00,0.10
256277,1964,1.5827,1.5818,1934,1.5585,1.5636,1.00,0.10
257278,1961,1.5803,1.5817,1933,1.5577,1.5616,1.00,0.10
258279,1967,1.5851,1.5817,1933,1.5577,1.5598,1.00,0.10
259280,1965,1.5835,1.5823,1939,1.5626,1.5589,1.00,0.10
260281,1965,1.5835,1.5829,1941,1.5642,1.5592,1.00,0.10
261282,1963,1.5819,1.5832,1947,1.5690,1.5609,1.00,0.10
262283,1967,1.5851,1.5833,1947,1.5690,1.5635,1.00,0.10
263284,1965,1.5835,1.5835,1951,1.5722,1.5663,1.00,0.10
264285,1965,1.5835,1.5837,1955,1.5755,1.5690,1.00,0.10
265286,1963,1.5819,1.5836,1949,1.5706,1.5713,1.00,0.10
266287,1963,1.5819,1.5832,1948,1.5698,1.5724,1.00,0.10
267288,1963,1.5819,1.5827,1949,1.5706,1.5722,1.00,0.10
268289,1962,1.5811,1.5822,1943,1.5658,1.5714,1.00,0.10
269290,1963,1.5819,1.5818,1940,1.5634,1.5697,1.00,0.10
270291,1957,1.5771,1.5813,1934,1.5585,1.5671,1.00,0.10
271292,1961,1.5803,1.5805,1933,1.5577,1.5640,1.00,0.10
272293,1965,1.5835,1.5801,1939,1.5626,1.5614,1.00,0.10
273294,1960,1.5795,1.5804,1937,1.5610,1.5602,1.00,0.10
274295,1963,1.5819,1.5807,1942,1.5650,1.5603,1.00,0.10
275296,1964,1.5827,1.5810,1945,1.5674,1.5615,1.00,0.10
276297,1963,1.5819,1.5815,1945,1.5674,1.5634,1.00,0.10
277298,1967,1.5851,1.5821,1949,1.5706,1.5655,1.00,0.10
278299,1967,1.5851,1.5829,1957,1.5771,1.5680,1.00,0.10
279300,1967,1.5851,1.5839,1947,1.5690,1.5705,1.00,0.10
280301,1968,1.5859,1.5847,1955,1.5755,1.5721,1.00,0.10
281302,1962,1.5811,1.5849,1941,1.5642,1.5725,1.00,0.10
282303,1963,1.5819,1.5844,1943,1.5658,1.5713,1.00,0.10
283304,1961,1.5803,1.5833,1942,1.5650,1.5691,1.00,0.10
284305,1960,1.5795,1.5821,1932,1.5569,1.5666,1.00,0.10
285306,1959,1.5787,1.5809,1927,1.5529,1.5633,1.00,0.10
286307,1963,1.5819,1.5801,1931,1.5561,1.5596,1.00,0.10
287308,1965,1.5835,1.5801,1935,1.5593,1.5571,1.00,0.10
288309,1959,1.5787,1.5806,1940,1.5634,1.5567,1.00,0.10
289310,1963,1.5819,1.5808,1943,1.5658,1.5583,1.00,0.10
290311,1963,1.5819,1.5810,1945,1.5674,1.5609,1.00,0.10
291312,1964,1.5827,1.5814,1948,1.5698,1.5638,1.00,0.10
292313,1961,1.5803,1.5817,1961,1.5803,1.5671,1.00,0.10
293314,1964,1.5827,1.5817,1948,1.5698,1.5707,1.00,0.10
294315,1965,1.5835,1.5819,1951,1.5722,1.5728,1.00,0.10
295316,1959,1.5787,1.5821,1942,1.5650,1.5728,1.00,0.10
296317,1958,1.5779,1.5815,1943,1.5658,1.5713,1.00,0.10
297318,1961,1.5803,1.5805,1940,1.5634,1.5689,1.00,0.10
298319,1960,1.5795,1.5798,1935,1.5593,1.5664,1.00,0.10
299320,1965,1.5835,1.5798,1938,1.5618,1.5638,1.00,0.10
300321,1961,1.5803,1.5803,1916,1.5440,1.5609,1.00,0.10
301322,1952,1.5730,1.5802,1933,1.5577,1.5572,1.00,0.10
302323,1967,1.5851,1.5796,1941,1.5642,1.5554,1.00,0.10
303324,1961,1.5803,1.5797,1939,1.5626,1.5564,1.00,0.10
304325,1960,1.5795,1.5801,1942,1.5650,1.5588,1.00,0.10
305326,1961,1.5803,1.5803,1947,1.5690,1.5616,1.00,0.10
306327,1963,1.5819,1.5804,1951,1.5722,1.5646,1.00,0.10
307328,1963,1.5819,1.5807,1949,1.5706,1.5676,1.00,0.10
308329,1959,1.5787,1.5810,1955,1.5755,1.5701,1.00,0.10
309330,1965,1.5835,1.5810,1951,1.5722,1.5720,1.00,0.10
310331,1964,1.5827,1.5813,1945,1.5674,1.5728,1.00,0.10
311332,1961,1.5803,1.5817,1941,1.5642,1.5717,1.00,0.10
312333,1963,1.5819,1.5818,1951,1.5722,1.5700,1.00,0.10
313334,1960,1.5795,1.5815,1933,1.5577,1.5684,1.00,0.10
314335,1959,1.5787,1.5810,1939,1.5626,1.5661,1.00,0.10
315336,1959,1.5787,1.5802,1927,1.5529,1.5633,1.00,0.10
316337,1961,1.5803,1.5796,1932,1.5569,1.5602,1.00,0.10
317338,1963,1.5819,1.5795,1941,1.5642,1.5583,1.00,0.10
318339,1961,1.5803,1.5799,1942,1.5650,1.5586,1.00,0.10
319340,1964,1.5827,1.5805,1947,1.5690,1.5607,1.00,0.10
320341,1964,1.5827,1.5811,1951,1.5722,1.5638,1.00,0.10
321342,1963,1.5819,1.5818,1950,1.5714,1.5670,1.00,0.10
322343,1952,1.5730,1.5815,1956,1.5763,1.5699,1.00,0.10
323344,1962,1.5811,1.5803,1947,1.5690,1.5720,1.00,0.10
324345,1961,1.5803,1.5794,1938,1.5618,1.5721,1.00,0.10
325346,1961,1.5803,1.5793,1934,1.5585,1.5696,1.00,0.10
326347,1963,1.5819,1.5797,1931,1.5561,1.5656,1.00,0.10
327348,1945,1.5674,1.5793,1930,1.5553,1.5615,1.00,0.10
328349,1960,1.5795,1.5778,1929,1.5545,1.5582,1.00,0.10
329350,1962,1.5811,1.5769,1933,1.5577,1.5561,1.00,0.10
330351,1961,1.5803,1.5775,1939,1.5626,1.5557,1.00,0.10
331352,1961,1.5803,1.5785,1943,1.5658,1.5574,1.00,0.10
332353,1963,1.5819,1.5796,1943,1.5658,1.5601,1.00,0.10
333354,1960,1.5795,1.5803,1951,1.5722,1.5632,1.00,0.10
334355,1964,1.5827,1.5808,1952,1.5730,1.5665,1.00,0.10
335356,1963,1.5819,1.5813,1959,1.5787,1.5700,1.00,0.10
336357,1960,1.5795,1.5815,1948,1.5698,1.5728,1.00,0.10
337358,1959,1.5787,1.5812,1945,1.5674,1.5736,1.00,0.10
338359,1960,1.5795,1.5805,1939,1.5626,1.5721,1.00,0.10
339360,1959,1.5787,1.5798,1933,1.5577,1.5689,1.00,0.10
340361,1957,1.5771,1.5792,1931,1.5561,1.5648,1.00,0.10
341362,1959,1.5787,1.5786,1929,1.5545,1.5607,1.00,0.10
342363,1961,1.5803,1.5783,1927,1.5529,1.5574,1.00,0.10
343364,1959,1.5787,1.5786,1927,1.5529,1.5549,1.00,0.10
344365,1961,1.5803,1.5789,1917,1.5448,1.5528,1.00,0.10
345366,1959,1.5787,1.5792,1937,1.5610,1.5514,1.00,0.10
346367,1963,1.5819,1.5795,1939,1.5626,1.5524,1.00,0.10
347368,1959,1.5787,1.5798,1947,1.5690,1.5559,1.00,0.10
348369,1963,1.5819,1.5801,1947,1.5690,1.5604,1.00,0.10
349370,1965,1.5835,1.5806,1955,1.5755,1.5651,1.00,0.10
350371,1963,1.5819,1.5814,1957,1.5771,1.5695,1.00,0.10
351372,1959,1.5787,1.5817,1948,1.5698,1.5727,1.00,0.10
352373,1961,1.5803,1.5814,1939,1.5626,1.5733,1.00,0.10
353374,1961,1.5803,1.5808,1941,1.5642,1.5712,1.00,0.10
354375,1960,1.5795,1.5804,1934,1.5585,1.5680,1.00,0.10
355376,1957,1.5771,1.5799,1935,1.5593,1.5645,1.00,0.10
356377,1957,1.5771,1.5791,1919,1.5464,1.5608,1.00,0.10
357378,1958,1.5779,1.5782,1928,1.5537,1.5567,1.00,0.10
358379,1957,1.5771,1.5777,1933,1.5577,1.5540,1.00,0.10
359380,1960,1.5795,1.5775,1949,1.5706,1.5545,1.00,0.10
360381,1961,1.5803,1.5779,1941,1.5642,1.5577,1.00,0.10
361382,1961,1.5803,1.5786,1943,1.5658,1.5614,1.00,0.10
362383,1957,1.5771,1.5792,1944,1.5666,1.5640,1.00,0.10
363384,1965,1.5835,1.5795,1955,1.5755,1.5663,1.00,0.10
364385,1967,1.5851,1.5804,1951,1.5722,1.5689,1.00,0.10
365386,1959,1.5787,1.5815,1951,1.5722,1.5711,1.00,0.10
366387,1959,1.5787,1.5816,1943,1.5658,1.5719,1.00,0.10
367388,1959,1.5787,1.5809,1943,1.5658,1.5710,1.00,0.10
368389,1959,1.5787,1.5800,1935,1.5593,1.5688,1.00,0.10
369390,1957,1.5771,1.5792,1931,1.5561,1.5655,1.00,0.10
370391,1960,1.5795,1.5785,1920,1.5473,1.5613,1.00,0.10
371392,1961,1.5803,1.5784,1939,1.5626,1.5574,1.00,0.10
372393,1961,1.5803,1.5788,1933,1.5577,1.5558,1.00,0.10
373394,1963,1.5819,1.5795,1944,1.5666,1.5566,1.00,0.10
374395,1963,1.5819,1.5803,1947,1.5690,1.5592,1.00,0.10
375396,1963,1.5819,1.5811,1943,1.5658,1.5625,1.00,0.10
376397,1963,1.5819,1.5816,1950,1.5714,1.5654,1.00,0.10
377398,1965,1.5835,1.5820,1957,1.5771,1.5682,1.00,0.10
378399,1961,1.5803,1.5823,1941,1.5642,1.5705,1.00,0.10
379400,1956,1.5763,1.5818,1949,1.5706,1.5710,1.00,0.10
380401,1959,1.5787,1.5805,1939,1.5626,1.5702,1.00,0.10
381402,1963,1.5819,1.5796,1941,1.5642,1.5684,1.00,0.10
382403,1958,1.5779,1.5793,1939,1.5626,1.5663,1.00,0.10
383404,1945,1.5674,1.5784,1931,1.5561,1.5641,1.00,0.10
384405,1957,1.5771,1.5764,1927,1.5529,1.5613,1.00,0.10
385406,1955,1.5755,1.5750,1939,1.5626,1.5587,1.00,0.10
386407,1962,1.5811,1.5750,1935,1.5593,1.5578,1.00,0.10
387408,1959,1.5787,1.5761,1941,1.5642,1.5584,1.00,0.10
388409,1961,1.5803,1.5776,1944,1.5666,1.5600,1.00,0.10
389410,1965,1.5835,1.5790,1951,1.5722,1.5627,1.00,0.10
390411,1965,1.5835,1.5806,1952,1.5730,1.5660,1.00,0.10
391412,1960,1.5795,1.5818,1951,1.5722,1.5692,1.00,0.10
392413,1961,1.5803,1.5820,1956,1.5763,1.5717,1.00,0.10
393414,1959,1.5787,1.5814,1947,1.5690,1.5731,1.00,0.10
394415,1957,1.5771,1.5805,1941,1.5642,1.5728,1.00,0.10
395416,1959,1.5787,1.5794,1938,1.5618,1.5705,1.00,0.10
396417,1959,1.5787,1.5786,1929,1.5545,1.5669,1.00,0.10
397418,1957,1.5771,1.5782,1957,1.5771,1.5640,1.00,0.10
398419,1961,1.5803,1.5781,1931,1.5561,1.5635,1.00,0.10
399420,1961,1.5803,1.5784,1935,1.5593,1.5629,1.00,0.10
400421,1957,1.5771,1.5788,1941,1.5642,1.5618,1.00,0.10
401422,1963,1.5819,1.5791,1935,1.5593,1.5613,1.00,0.10
402423,1963,1.5819,1.5796,1941,1.5642,1.5613,1.00,0.10
403424,1961,1.5803,1.5803,1945,1.5674,1.5619,1.00,0.10
404425,1965,1.5835,1.5810,1951,1.5722,1.5638,1.00,0.10
405426,1965,1.5835,1.5817,1958,1.5779,1.5669,1.00,0.10
406427,1961,1.5803,1.5823,1951,1.5722,1.5704,1.00,0.10
407428,1959,1.5787,1.5821,1948,1.5698,1.5725,1.00,0.10
408429,1961,1.5803,1.5813,1945,1.5674,1.5727,1.00,0.10
409430,1959,1.5787,1.5805,1941,1.5642,1.5713,1.00,0.10
410431,1959,1.5787,1.5798,1941,1.5642,1.5690,1.00,0.10
411432,1951,1.5722,1.5788,1938,1.5618,1.5666,1.00,0.10
412433,1959,1.5787,1.5774,1929,1.5545,1.5640,1.00,0.10
413434,1959,1.5787,1.5768,1931,1.5561,1.5609,1.00,0.10
414435,1959,1.5787,1.5770,1928,1.5537,1.5581,1.00,0.10
415436,1959,1.5787,1.5776,1931,1.5561,1.5561,1.00,0.10
416437,1961,1.5803,1.5782,1939,1.5626,1.5555,1.00,0.10
417438,1961,1.5803,1.5789,1941,1.5642,1.5569,1.00,0.10
418439,1961,1.5803,1.5796,1945,1.5674,1.5595,1.00,0.10
419440,1961,1.5803,1.5801,1944,1.5666,1.5625,1.00,0.10
420441,1964,1.5827,1.5805,1948,1.5698,1.5651,1.00,0.10
421442,1961,1.5803,1.5809,1957,1.5771,1.5677,1.00,0.10
422443,1965,1.5835,1.5813,1951,1.5722,1.5705,1.00,0.10
423444,1961,1.5803,1.5816,1950,1.5714,1.5724,1.00,0.10
424445,1961,1.5803,1.5816,1943,1.5658,1.5726,1.00,0.10
425446,1965,1.5835,1.5815,1943,1.5658,1.5712,1.00,0.10
426447,1958,1.5779,1.5814,1943,1.5658,1.5692,1.00,0.10
427448,1960,1.5795,1.5809,1939,1.5626,1.5672,1.00,0.10
428449,1961,1.5803,1.5802,1933,1.5577,1.5650,1.00,0.10
429450,1957,1.5771,1.5797,1931,1.5561,1.5624,1.00,0.10
430451,1960,1.5795,1.5792,1931,1.5561,1.5597,1.00,0.10
431452,1957,1.5771,1.5787,1935,1.5593,1.5578,1.00,0.10
432453,1959,1.5787,1.5783,1933,1.5577,1.5572,1.00,0.10
433454,1963,1.5819,1.5784,1939,1.5626,1.5575,1.00,0.10
434455,1962,1.5811,1.5791,1944,1.5666,1.5589,1.00,0.10
435456,1963,1.5819,1.5800,1945,1.5674,1.5614,1.00,0.10
436457,1967,1.5851,1.5811,1955,1.5755,1.5645,1.00,0.10
437458,1959,1.5787,1.5820,1951,1.5722,1.5680,1.00,0.10
438459,1962,1.5811,1.5820,1956,1.5763,1.5711,1.00,0.10
439460,1956,1.5763,1.5813,1956,1.5763,1.5735,1.00,0.10
440461,1961,1.5803,1.5803,1944,1.5666,1.5746,1.00,0.10
441462,1959,1.5787,1.5795,1929,1.5545,1.5727,1.00,0.10
442463,1959,1.5787,1.5790,1939,1.5626,1.5684,1.00,0.10
443464,1961,1.5803,1.5789,1934,1.5585,1.5642,1.00,0.10
444465,1959,1.5787,1.5790,1927,1.5529,1.5609,1.00,0.10
445466,1959,1.5787,1.5790,1929,1.5545,1.5578,1.00,0.10
446467,1943,1.5658,1.5781,1927,1.5529,1.5554,1.00,0.10
447468,1951,1.5722,1.5757,1929,1.5545,1.5540,1.00,0.10
448469,1961,1.5803,1.5739,1951,1.5722,1.5546,1.00,0.10
449470,1963,1.5819,1.5744,1941,1.5642,1.5579,1.00,0.10
450471,1959,1.5787,1.5763,1943,1.5658,1.5616,1.00,0.10
451472,1961,1.5803,1.5781,1943,1.5658,1.5641,1.00,0.10
452473,1957,1.5771,1.5791,1955,1.5755,1.5663,1.00,0.10
453474,1959,1.5787,1.5793,1949,1.5706,1.5687,1.00,0.10
454475,1963,1.5819,1.5793,1955,1.5755,1.5708,1.00,0.10
455476,1959,1.5787,1.5796,1962,1.5811,1.5730,1.00,0.10
456477,1961,1.5803,1.5798,1946,1.5682,1.5749,1.00,0.10
457478,1963,1.5819,1.5800,1944,1.5666,1.5746,1.00,0.10
458479,1957,1.5771,1.5802,1941,1.5642,1.5723,1.00,0.10
459480,1961,1.5803,1.5799,1939,1.5626,1.5692,1.00,0.10
460481,1957,1.5771,1.5795,1937,1.5610,1.5661,1.00,0.10
461482,1960,1.5795,1.5791,1931,1.5561,1.5632,1.00,0.10
462483,1962,1.5811,1.5789,1930,1.5553,1.5604,1.00,0.10
463484,1957,1.5771,1.5791,1933,1.5577,1.5581,1.00,0.10
464485,1961,1.5803,1.5791,1933,1.5577,1.5569,1.00,0.10
465486,1962,1.5811,1.5793,1940,1.5634,1.5570,1.00,0.10
466487,1960,1.5795,1.5797,1939,1.5626,1.5583,1.00,0.10
467488,1971,1.5884,1.5805,1943,1.5658,1.5603,1.00,0.10
468489,1961,1.5803,1.5818,1947,1.5690,1.5626,1.00,0.10
469490,1963,1.5819,1.5826,1948,1.5698,1.5651,1.00,0.10
470491,1966,1.5843,1.5828,1951,1.5722,1.5675,1.00,0.10
471492,1963,1.5819,1.5830,1955,1.5755,1.5698,1.00,0.10
472493,1964,1.5827,1.5830,1949,1.5706,1.5718,1.00,0.10
473494,1949,1.5706,1.5820,1947,1.5690,1.5725,1.00,0.10
474495,1960,1.5795,1.5800,1945,1.5674,1.5718,1.00,0.10
475496,1961,1.5803,1.5785,1943,1.5658,1.5704,1.00,0.10
476497,1961,1.5803,1.5783,1943,1.5658,1.5686,1.00,0.10
477498,1961,1.5803,1.5787,1939,1.5626,1.5669,1.00,0.10
478499,1959,1.5787,1.5792,1933,1.5577,1.5649,1.00,0.10
479500,1959,1.5787,1.5794,1931,1.5561,1.5624,1.00,0.10
480501,1961,1.5803,1.5794,1931,1.5561,1.5598,1.00,0.10
481502,1963,1.5819,1.5796,1912,1.5408,1.5567,1.00,0.10
482503,1961,1.5803,1.5801,1934,1.5585,1.5533,1.00,0.10
483504,1960,1.5795,1.5804,1941,1.5642,1.5525,1.00,0.10
484505,1965,1.5835,1.5806,1941,1.5642,1.5550,1.00,0.10
485506,1961,1.5803,1.5810,1945,1.5674,1.5587,1.00,0.10
486507,1965,1.5835,1.5814,1945,1.5674,1.5623,1.00,0.10
487508,1963,1.5819,1.5818,1951,1.5722,1.5655,1.00,0.10
488509,1963,1.5819,1.5821,1957,1.5771,1.5687,1.00,0.10
489510,1963,1.5819,1.5822,1949,1.5706,1.5715,1.00,0.10
490511,1961,1.5803,1.5820,1945,1.5674,1.5726,1.00,0.10
491512,1961,1.5803,1.5816,1946,1.5682,1.5719,1.00,0.10
492513,1959,1.5787,1.5810,1941,1.5642,1.5703,1.00,0.10
493514,1957,1.5771,1.5801,1939,1.5626,1.5682,1.00,0.10
494515,1961,1.5803,1.5792,1937,1.5610,1.5658,1.00,0.10
495516,1957,1.5771,1.5787,1929,1.5545,1.5631,1.00,0.10
496517,1959,1.5787,1.5784,1913,1.5416,1.5593,1.00,0.10
497518,1961,1.5803,1.5783,1927,1.5529,1.5546,1.00,0.10
498519,1961,1.5803,1.5787,1937,1.5610,1.5519,1.00,0.10
499520,1959,1.5787,1.5792,1942,1.5650,1.5530,1.00,0.10
500521,1963,1.5819,1.5796,1940,1.5634,1.5563,1.00,0.10
501522,1962,1.5811,1.5801,1945,1.5674,1.5600,1.00,0.10
502523,1961,1.5803,1.5806,1949,1.5706,1.5634,1.00,0.10
503524,1961,1.5803,1.5808,1951,1.5722,1.5667,1.00,0.10
504525,1963,1.5819,1.5808,1957,1.5771,1.5697,1.00,0.10
505526,1963,1.5819,1.5810,1947,1.5690,1.5721,1.00,0.10
506527,1963,1.5819,1.5813,1949,1.5706,1.5729,1.00,0.10
507528,1962,1.5811,1.5816,1945,1.5674,1.5723,1.00,0.10
508529,1963,1.5819,1.5817,1941,1.5642,1.5707,1.00,0.10
509530,1961,1.5803,1.5816,1941,1.5642,1.5685,1.00,0.10
510531,1960,1.5795,1.5813,1935,1.5593,1.5661,1.00,0.10
511532,1961,1.5803,1.5808,1931,1.5561,1.5634,1.00,0.10
512533,1960,1.5795,1.5803,1931,1.5561,1.5605,1.00,0.10
513534,1961,1.5803,1.5800,1927,1.5529,1.5579,1.00,0.10
514535,1961,1.5803,1.5799,1941,1.5642,1.5565,1.00,0.10
515536,1961,1.5803,1.5800,1943,1.5658,1.5573,1.00,0.10
516537,1963,1.5819,1.5802,1947,1.5690,1.5600,1.00,0.10
517538,1963,1.5819,1.5806,1949,1.5706,1.5635,1.00,0.10
518539,1965,1.5835,1.5813,1951,1.5722,1.5668,1.00,0.10
519540,1967,1.5851,1.5821,1958,1.5779,1.5699,1.00,0.10
520541,1965,1.5835,1.5831,1958,1.5779,1.5730,1.00,0.10
521542,1961,1.5803,1.5835,1945,1.5674,1.5749,1.00,0.10
522543,1963,1.5819,1.5831,1943,1.5658,1.5742,1.00,0.10
523544,1961,1.5803,1.5824,1941,1.5642,1.5717,1.00,0.10
524545,1961,1.5803,1.5817,1939,1.5626,1.5686,1.00,0.10
525546,1961,1.5803,1.5810,1933,1.5577,1.5655,1.00,0.10
526547,1959,1.5787,1.5804,1919,1.5464,1.5617,1.00,0.10
527548,1965,1.5835,1.5801,1933,1.5577,1.5575,1.00,0.10
528549,1964,1.5827,1.5806,1941,1.5642,1.5555,1.00,0.10
529550,1961,1.5803,1.5812,1933,1.5577,1.5562,1.00,0.10
530551,1967,1.5851,1.5817,1947,1.5690,1.5581,1.00,0.10
531552,1963,1.5819,1.5823,1947,1.5690,1.5610,1.00,0.10
532553,1971,1.5884,1.5831,1956,1.5763,1.5649,1.00,0.10
533554,1967,1.5851,1.5842,1956,1.5763,1.5691,1.00,0.10
534555,1976,1.5924,1.5856,1959,1.5787,1.5729,1.00,0.10
535556,1962,1.5811,1.5868,1949,1.5706,1.5753,1.00,0.10
536557,1961,1.5803,1.5864,1944,1.5666,1.5753,1.00,0.10
537558,1965,1.5835,1.5849,1941,1.5642,1.5731,1.00,0.10
538559,1960,1.5795,1.5834,1941,1.5642,1.5699,1.00,0.10
539560,1959,1.5787,1.5820,1933,1.5577,1.5666,1.00,0.10
540561,1966,1.5843,1.5809,1933,1.5577,1.5633,1.00,0.10
541562,1957,1.5771,1.5805,1937,1.5610,1.5606,1.00,0.10
542563,1964,1.5827,1.5803,1943,1.5658,1.5597,1.00,0.10
543564,1963,1.5819,1.5804,1943,1.5658,1.5607,1.00,0.10
544565,1965,1.5835,1.5810,1947,1.5690,1.5627,1.00,0.10
545566,1964,1.5827,1.5818,1947,1.5690,1.5650,1.00,0.10
546567,1967,1.5851,1.5826,1957,1.5771,1.5676,1.00,0.10
547568,1963,1.5819,1.5832,1959,1.5787,1.5708,1.00,0.10
548569,1965,1.5835,1.5834,1949,1.5706,1.5736,1.00,0.10
549570,1965,1.5835,1.5834,1949,1.5706,1.5745,1.00,0.10
550571,1965,1.5835,1.5835,1951,1.5722,1.5739,1.00,0.10
551572,1966,1.5843,1.5835,1943,1.5658,1.5727,1.00,0.10
552573,1961,1.5803,1.5835,1942,1.5650,1.5707,1.00,0.10
553574,1961,1.5803,1.5828,1942,1.5650,1.5684,1.00,0.10
554575,1963,1.5819,1.5820,1933,1.5577,1.5660,1.00,0.10
555576,1962,1.5811,1.5815,1935,1.5593,1.5634,1.00,0.10
556577,1963,1.5819,1.5813,1931,1.5561,1.5609,1.00,0.10
557578,1966,1.5843,1.5815,1931,1.5561,1.5588,1.00,0.10
558579,1967,1.5851,1.5822,1935,1.5593,1.5574,1.00,0.10
559580,1964,1.5827,1.5831,1939,1.5626,1.5574,1.00,0.10
560581,1965,1.5835,1.5836,1943,1.5658,1.5588,1.00,0.10
561582,1964,1.5827,1.5836,1947,1.5690,1.5612,1.00,0.10
562583,1963,1.5819,1.5834,1947,1.5690,1.5641,1.00,0.10
563584,1967,1.5851,1.5832,1950,1.5714,1.5668,1.00,0.10
564585,1967,1.5851,1.5834,1956,1.5763,1.5693,1.00,0.10
565586,1971,1.5884,1.5842,1955,1.5755,1.5719,1.00,0.10
566587,1971,1.5884,1.5854,1955,1.5755,1.5739,1.00,0.10
567588,1961,1.5803,1.5862,1957,1.5771,1.5753,1.00,0.10
568589,1971,1.5884,1.5860,1951,1.5722,1.5759,1.00,0.10
569590,1965,1.5835,1.5857,1951,1.5722,1.5755,1.00,0.10
570591,1963,1.5819,1.5852,1947,1.5690,1.5742,1.00,0.10
571592,1964,1.5827,1.5843,1947,1.5690,1.5725,1.00,0.10
572593,1964,1.5827,1.5834,1942,1.5650,1.5706,1.00,0.10
573594,1965,1.5835,1.5829,1943,1.5658,1.5686,1.00,0.10
574595,1964,1.5827,1.5828,1929,1.5545,1.5662,1.00,0.10
575596,1963,1.5819,1.5827,1935,1.5593,1.5632,1.00,0.10
576597,1960,1.5795,1.5823,1926,1.5521,1.5600,1.00,0.10
577598,1957,1.5771,1.5814,1934,1.5585,1.5575,1.00,0.10
578599,1963,1.5819,1.5804,1944,1.5666,1.5569,1.00,0.10
579600,1965,1.5835,1.5801,1941,1.5642,1.5585,1.00,0.10
580601,1965,1.5835,1.5808,1944,1.5666,1.5611,1.00,0.10
581602,1967,1.5851,1.5820,1945,1.5674,1.5635,1.00,0.10
582603,1967,1.5851,1.5832,1951,1.5722,1.5658,1.00,0.10
583604,1971,1.5884,1.5844,1951,1.5722,1.5682,1.00,0.10
584605,1966,1.5843,1.5855,1955,1.5755,1.5705,1.00,0.10
585606,1967,1.5851,1.5860,1959,1.5787,1.5728,1.00,0.10
586607,1967,1.5851,1.5859,1961,1.5803,1.5752,1.00,0.10
587608,1965,1.5835,1.5855,1947,1.5690,1.5767,1.00,0.10
588609,1967,1.5851,1.5851,1947,1.5690,1.5760,1.00,0.10
589610,1963,1.5819,1.5846,1947,1.5690,1.5738,1.00,0.10
590611,1963,1.5819,1.5839,1943,1.5658,1.5714,1.00,0.10
591612,1963,1.5819,1.5830,1942,1.5650,1.5691,1.00,0.10
592613,1975,1.5916,1.5830,1939,1.5626,1.5669,1.00,0.10
593614,1961,1.5803,1.5839,1934,1.5585,1.5647,1.00,0.10
594615,1963,1.5819,1.5842,1929,1.5545,1.5621,1.00,0.10
595616,1963,1.5819,1.5836,1940,1.5634,1.5599,1.00,0.10
596617,1965,1.5835,1.5830,1943,1.5658,1.5595,1.00,0.10
597618,1967,1.5851,1.5829,1945,1.5674,1.5609,1.00,0.10
598619,1967,1.5851,1.5833,1951,1.5722,1.5635,1.00,0.10
599620,1971,1.5884,1.5842,1951,1.5722,1.5666,1.00,0.10
600621,1975,1.5916,1.5857,1959,1.5787,1.5698,1.00,0.10
601622,1963,1.5819,1.5870,1958,1.5779,1.5731,1.00,0.10
602623,1968,1.5859,1.5871,1951,1.5722,1.5754,1.00,0.10
603624,1967,1.5851,1.5865,1951,1.5722,1.5759,1.00,0.10
604625,1963,1.5819,1.5857,1945,1.5674,1.5748,1.00,0.10
605626,1965,1.5835,1.5847,1945,1.5674,1.5726,1.00,0.10
606627,1965,1.5835,1.5838,1944,1.5666,1.5703,1.00,0.10
607628,1961,1.5803,1.5832,1943,1.5658,1.5683,1.00,0.10
608629,1963,1.5819,1.5825,1939,1.5626,1.5667,1.00,0.10
609630,1968,1.5859,1.5822,1935,1.5593,1.5649,1.00,0.10
610631,1964,1.5827,1.5826,1933,1.5577,1.5628,1.00,0.10
611632,1959,1.5787,1.5827,1933,1.5577,1.5606,1.00,0.10
612633,1961,1.5803,1.5821,1943,1.5658,1.5595,1.00,0.10
613634,1968,1.5859,1.5816,1939,1.5626,1.5600,1.00,0.10
614635,1961,1.5803,1.5818,1944,1.5666,1.5614,1.00,0.10
615636,1961,1.5803,1.5819,1945,1.5674,1.5631,1.00,0.10
616637,1966,1.5843,1.5817,1945,1.5674,1.5650,1.00,0.10
617638,1962,1.5811,1.5819,1947,1.5690,1.5665,1.00,0.10
618639,1967,1.5851,1.5822,1949,1.5706,1.5678,1.00,0.10
619640,1963,1.5819,1.5827,1955,1.5755,1.5693,1.00,0.10
620641,1964,1.5827,1.5829,1952,1.5730,1.5711,1.00,0.10
621642,1965,1.5835,1.5830,1955,1.5755,1.5727,1.00,0.10
622643,1967,1.5851,1.5832,1951,1.5722,1.5737,1.00,0.10
623644,1965,1.5835,1.5836,1947,1.5690,1.5737,1.00,0.10
624645,1964,1.5827,1.5838,1947,1.5690,1.5727,1.00,0.10
625646,1961,1.5803,1.5835,1941,1.5642,1.5709,1.00,0.10
626647,1963,1.5819,1.5828,1942,1.5650,1.5688,1.00,0.10
627648,1967,1.5851,1.5823,1943,1.5658,1.5669,1.00,0.10
628649,1961,1.5803,1.5824,1933,1.5577,1.5652,1.00,0.10
629650,1963,1.5819,1.5823,1931,1.5561,1.5629,1.00,0.10
630651,1961,1.5803,1.5819,1931,1.5561,1.5603,1.00,0.10
631652,1965,1.5835,1.5816,1935,1.5593,1.5583,1.00,0.10
632653,1962,1.5811,1.5817,1937,1.5610,1.5576,1.00,0.10
633654,1964,1.5827,1.5818,1943,1.5658,1.5585,1.00,0.10
634655,1963,1.5819,1.5819,1944,1.5666,1.5605,1.00,0.10
635656,1963,1.5819,1.5820,1947,1.5690,1.5631,1.00,0.10
636657,1967,1.5851,1.5823,1947,1.5690,1.5656,1.00,0.10
637658,1965,1.5835,1.5828,1951,1.5722,1.5678,1.00,0.10
638659,1963,1.5819,1.5832,1957,1.5771,1.5700,1.00,0.10
639660,1967,1.5851,1.5834,1955,1.5755,1.5724,1.00,0.10
640661,1965,1.5835,1.5836,1960,1.5795,1.5746,1.00,0.10
641662,1963,1.5819,1.5836,1947,1.5690,1.5758,1.00,0.10
642663,1963,1.5819,1.5833,1945,1.5674,1.5751,1.00,0.10
643664,1965,1.5835,1.5829,1944,1.5666,1.5728,1.00,0.10
644665,1963,1.5819,1.5827,1943,1.5658,1.5702,1.00,0.10
645666,1963,1.5819,1.5825,1940,1.5634,1.5678,1.00,0.10
646667,1964,1.5827,1.5823,1933,1.5577,1.5654,1.00,0.10
647668,1964,1.5827,1.5823,1929,1.5545,1.5625,1.00,0.10
648669,1951,1.5722,1.5817,1931,1.5561,1.5595,1.00,0.10
649670,1967,1.5851,1.5805,1939,1.5626,1.5576,1.00,0.10
650671,1967,1.5851,1.5803,1937,1.5610,1.5577,1.00,0.10
651672,1965,1.5835,1.5815,1938,1.5618,1.5587,1.00,0.10
652673,1965,1.5835,1.5826,1941,1.5642,1.5601,1.00,0.10
653674,1963,1.5819,1.5832,1949,1.5706,1.5620,1.00,0.10
654675,1965,1.5835,1.5833,1947,1.5690,1.5646,1.00,0.10
655676,1967,1.5851,1.5834,1951,1.5722,1.5672,1.00,0.10
656677,1967,1.5851,1.5838,1959,1.5787,1.5698,1.00,0.10
657678,1963,1.5819,1.5841,1957,1.5771,1.5728,1.00,0.10
658679,1957,1.5771,1.5835,1952,1.5730,1.5750,1.00,0.10
659680,1967,1.5851,1.5824,1955,1.5755,1.5758,1.00,0.10
660681,1961,1.5803,1.5818,1945,1.5674,1.5753,1.00,0.10
661682,1964,1.5827,1.5817,1945,1.5674,1.5736,1.00,0.10
662683,1962,1.5811,1.5816,1939,1.5626,1.5708,1.00,0.10
663684,1963,1.5819,1.5816,1932,1.5569,1.5674,1.00,0.10
664685,1965,1.5835,1.5817,1911,1.5400,1.5624,1.00,0.10
665686,1963,1.5819,1.5821,1943,1.5658,1.5572,1.00,0.10
666687,1967,1.5851,1.5825,1946,1.5682,1.5558,1.00,0.10
667688,1967,1.5851,1.5831,1943,1.5658,1.5582,1.00,0.10
668689,1967,1.5851,1.5840,1949,1.5706,1.5618,1.00,0.10
669690,1963,1.5819,1.5844,1958,1.5779,1.5658,1.00,0.10
670691,1972,1.5892,1.5846,1959,1.5787,1.5703,1.00,0.10
671692,1961,1.5803,1.5848,1957,1.5771,1.5742,1.00,0.10
672693,1971,1.5884,1.5848,1951,1.5722,1.5764,1.00,0.10
673694,1964,1.5827,1.5849,1947,1.5690,1.5763,1.00,0.10
674695,1965,1.5835,1.5847,1945,1.5674,1.5744,1.00,0.10
675696,1966,1.5843,1.5843,1941,1.5642,1.5716,1.00,0.10
676697,1961,1.5803,1.5839,1941,1.5642,1.5687,1.00,0.10
677698,1963,1.5819,1.5831,1939,1.5626,1.5661,1.00,0.10
678699,1965,1.5835,1.5824,1939,1.5626,1.5642,1.00,0.10
679700,1965,1.5835,1.5824,1938,1.5618,1.5629,1.00,0.10
680701,1973,1.5900,1.5831,1945,1.5674,1.5625,1.00,0.10
681702,1971,1.5884,1.5847,1949,1.5706,1.5635,1.00,0.10
682703,1968,1.5859,1.5863,1949,1.5706,1.5656,1.00,0.10
683704,1975,1.5916,1.5874,1956,1.5763,1.5682,1.00,0.10
684705,1973,1.5900,1.5885,1959,1.5787,1.5712,1.00,0.10
685706,1972,1.5892,1.5894,1961,1.5803,1.5744,1.00,0.10
686707,1967,1.5851,1.5895,1957,1.5771,1.5770,1.00,0.10
687708,1967,1.5851,1.5886,1951,1.5722,1.5780,1.00,0.10
688709,1967,1.5851,1.5873,1949,1.5706,1.5771,1.00,0.10
689710,1967,1.5851,1.5862,1947,1.5690,1.5749,1.00,0.10
690711,1966,1.5843,1.5854,1941,1.5642,1.5722,1.00,0.10
691712,1966,1.5843,1.5848,1951,1.5722,1.5698,1.00,0.10
692713,1963,1.5819,1.5843,1933,1.5577,1.5680,1.00,0.10
693714,1963,1.5819,1.5836,1939,1.5626,1.5657,1.00,0.10
694715,1963,1.5819,1.5828,1942,1.5650,1.5638,1.00,0.10
695716,1961,1.5803,1.5822,1941,1.5642,1.5631,1.00,0.10
696717,1964,1.5827,1.5817,1942,1.5650,1.5632,1.00,0.10
697718,1960,1.5795,1.5814,1945,1.5674,1.5638,1.00,0.10
698719,1971,1.5884,1.5815,1947,1.5690,1.5650,1.00,0.10
699720,1968,1.5859,1.5827,1951,1.5722,1.5667,1.00,0.10
700721,1967,1.5851,1.5842,1956,1.5763,1.5689,1.00,0.10
701722,1975,1.5916,1.5855,1957,1.5771,1.5716,1.00,0.10
702723,1975,1.5916,1.5873,1960,1.5795,1.5743,1.00,0.10
703724,1973,1.5900,1.5890,1960,1.5795,1.5766,1.00,0.10
704725,1967,1.5851,1.5898,1958,1.5779,1.5783,1.00,0.10
705726,1974,1.5908,1.5896,1961,1.5803,1.5791,1.00,0.10
706727,1961,1.5803,1.5887,1955,1.5755,1.5793,1.00,0.10
707728,1970,1.5875,1.5873,1951,1.5722,1.5784,1.00,0.10
708729,1967,1.5851,1.5861,1951,1.5722,1.5766,1.00,0.10
709730,1967,1.5851,1.5855,1943,1.5658,1.5743,1.00,0.10
710731,1967,1.5851,1.5852,1945,1.5674,1.5715,1.00,0.10
711732,1967,1.5851,1.5850,1951,1.5722,1.5695,1.00,0.10
712733,1966,1.5843,1.5849,1946,1.5682,1.5688,1.00,0.10
713734,1967,1.5851,1.5848,1941,1.5642,1.5684,1.00,0.10
714735,1967,1.5851,1.5848,1926,1.5521,1.5665,1.00,0.10
715736,1971,1.5884,1.5851,1941,1.5642,1.5635,1.00,0.10
716737,1965,1.5835,1.5856,1942,1.5650,1.5617,1.00,0.10
717738,1975,1.5916,1.5861,1935,1.5593,1.5614,1.00,0.10
718739,1967,1.5851,1.5868,1945,1.5674,1.5616,1.00,0.10
719740,1973,1.5900,1.5874,1949,1.5706,1.5630,1.00,0.10
720741,1973,1.5900,1.5880,1949,1.5706,1.5654,1.00,0.10
721742,1973,1.5900,1.5888,1955,1.5755,1.5681,1.00,0.10
722743,1976,1.5924,1.5896,1958,1.5779,1.5711,1.00,0.10
723744,1973,1.5900,1.5904,1959,1.5787,1.5740,1.00,0.10
724745,1972,1.5892,1.5907,1963,1.5819,1.5766,1.00,0.10
725746,1971,1.5884,1.5904,1963,1.5819,1.5789,1.00,0.10
726747,1971,1.5884,1.5898,1957,1.5771,1.5804,1.00,0.10
727748,1971,1.5884,1.5891,1951,1.5722,1.5801,1.00,0.10
728749,1975,1.5916,1.5889,1949,1.5706,1.5780,1.00,0.10
729750,1965,1.5835,1.5887,1949,1.5706,1.5753,1.00,0.10
730751,1971,1.5884,1.5881,1947,1.5690,1.5728,1.00,0.10
731752,1971,1.5884,1.5876,1944,1.5666,1.5707,1.00,0.10
732753,1970,1.5875,1.5876,1941,1.5642,1.5687,1.00,0.10
733754,1964,1.5827,1.5872,1929,1.5545,1.5662,1.00,0.10
734755,1973,1.5900,1.5867,1944,1.5666,1.5635,1.00,0.10
735756,1981,1.5964,1.5873,1945,1.5674,1.5624,1.00,0.10
736757,1973,1.5900,1.5891,1944,1.5666,1.5632,1.00,0.10
737758,1973,1.5900,1.5906,1948,1.5698,1.5647,1.00,0.10
738759,1975,1.5916,1.5911,1955,1.5755,1.5669,1.00,0.10
739760,1973,1.5900,1.5912,1951,1.5722,1.5695,1.00,0.10
740761,1978,1.5940,1.5913,1961,1.5803,1.5721,1.00,0.10
741762,1975,1.5916,1.5916,1967,1.5851,1.5751,1.00,0.10
742763,1975,1.5916,1.5919,1964,1.5827,1.5786,1.00,0.10
743764,1965,1.5835,1.5914,1965,1.5835,1.5814,1.00,0.10
744765,1971,1.5884,1.5899,1955,1.5755,1.5825,1.00,0.10
745766,1973,1.5900,1.5887,1955,1.5755,1.5816,1.00,0.10
746767,1971,1.5884,1.5883,1947,1.5690,1.5791,1.00,0.10
747768,1971,1.5884,1.5883,1949,1.5706,1.5759,1.00,0.10
748769,1967,1.5851,1.5881,1945,1.5674,1.5729,1.00,0.10
749770,1966,1.5843,1.5873,1946,1.5682,1.5704,1.00,0.10
750771,1975,1.5916,1.5868,1939,1.5626,1.5683,1.00,0.10
751772,1966,1.5843,1.5869,1939,1.5626,1.5663,1.00,0.10
752773,1971,1.5884,1.5870,1944,1.5666,1.5647,1.00,0.10
753774,1971,1.5884,1.5871,1947,1.5690,1.5645,1.00,0.10
754775,1973,1.5900,1.5876,1947,1.5690,1.5654,1.00,0.10
755776,1975,1.5916,1.5885,1951,1.5722,1.5670,1.00,0.10
756777,1974,1.5908,1.5895,1951,1.5722,1.5689,1.00,0.10
757778,1977,1.5932,1.5905,1956,1.5763,1.5708,1.00,0.10
758779,1976,1.5924,1.5914,1959,1.5787,1.5730,1.00,0.10
759780,1977,1.5932,1.5921,1961,1.5803,1.5753,1.00,0.10
760781,1973,1.5900,1.5925,1959,1.5787,1.5774,1.00,0.10
761782,1971,1.5884,1.5920,1963,1.5819,1.5790,1.00,0.10
762783,1972,1.5892,1.5910,1963,1.5819,1.5802,1.00,0.10
763784,1975,1.5916,1.5902,1957,1.5771,1.5808,1.00,0.10
764785,1974,1.5908,1.5900,1959,1.5787,1.5805,1.00,0.10
765786,1974,1.5908,1.5902,1959,1.5787,1.5798,1.00,0.10
766787,1972,1.5892,1.5903,1958,1.5779,1.5791,1.00,0.10
767788,1972,1.5892,1.5902,1956,1.5763,1.5785,1.00,0.10
768789,1975,1.5916,1.5900,1949,1.5706,1.5773,1.00,0.10
769790,1972,1.5892,1.5900,1945,1.5674,1.5752,1.00,0.10
770791,1967,1.5851,1.5897,1945,1.5674,1.5724,1.00,0.10
771792,1975,1.5916,1.5890,1944,1.5666,1.5699,1.00,0.10
772793,1971,1.5884,1.5888,1943,1.5658,1.5679,1.00,0.10
773794,1967,1.5851,1.5886,1945,1.5674,1.5667,1.00,0.10
774795,1975,1.5916,1.5882,1943,1.5658,1.5662,1.00,0.10
775796,1977,1.5932,1.5886,1947,1.5690,1.5662,1.00,0.10
776797,1977,1.5932,1.5899,1951,1.5722,1.5669,1.00,0.10
777798,1973,1.5900,1.5911,1951,1.5722,1.5685,1.00,0.10
778799,1975,1.5916,1.5916,1957,1.5771,1.5704,1.00,0.10
779800,1974,1.5908,1.5917,1959,1.5787,1.5728,1.00,0.10
780801,1977,1.5932,1.5917,1965,1.5835,1.5756,1.00,0.10
781802,1972,1.5892,1.5916,1967,1.5851,1.5787,1.00,0.10
782803,1975,1.5916,1.5914,1971,1.5884,1.5818,1.00,0.10
783804,1977,1.5932,1.5913,1963,1.5819,1.5842,1.00,0.10
784805,1973,1.5900,1.5914,1965,1.5835,1.5851,1.00,0.10
785806,1975,1.5916,1.5914,1966,1.5843,1.5850,1.00,0.10
786807,1974,1.5908,1.5913,1960,1.5795,1.5844,1.00,0.10
787808,1973,1.5900,1.5911,1951,1.5722,1.5827,1.00,0.10
788809,1976,1.5924,1.5909,1955,1.5755,1.5798,1.00,0.10
789810,1975,1.5916,1.5910,1949,1.5706,1.5769,1.00,0.10
790811,1975,1.5916,1.5913,1951,1.5722,1.5745,1.00,0.10
791812,1967,1.5851,1.5910,1945,1.5674,1.5724,1.00,0.10
792813,1975,1.5916,1.5902,1939,1.5626,1.5702,1.00,0.10
793814,1975,1.5916,1.5898,1945,1.5674,1.5679,1.00,0.10
794815,1973,1.5900,1.5900,1941,1.5642,1.5663,1.00,0.10
795816,1980,1.5956,1.5906,1945,1.5674,1.5655,1.00,0.10
796817,1973,1.5900,1.5914,1941,1.5642,1.5652,1.00,0.10
797818,1972,1.5892,1.5917,1947,1.5690,1.5654,1.00,0.10
798819,1973,1.5900,1.5912,1949,1.5706,1.5662,1.00,0.10
799820,1977,1.5932,1.5909,1951,1.5722,1.5677,1.00,0.10
800821,1977,1.5932,1.5911,1957,1.5771,1.5698,1.00,0.10
801822,1977,1.5932,1.5918,1955,1.5755,1.5722,1.00,0.10
802823,1977,1.5932,1.5924,1961,1.5803,1.5745,1.00,0.10
803824,1980,1.5956,1.5931,1963,1.5819,1.5768,1.00,0.10
804825,1977,1.5932,1.5937,1972,1.5892,1.5795,1.00,0.10
805826,1975,1.5916,1.5939,1963,1.5819,1.5822,1.00,0.10
806827,1976,1.5924,1.5935,1967,1.5851,1.5840,1.00,0.10
807828,1979,1.5948,1.5931,1962,1.5811,1.5845,1.00,0.10
808829,1981,1.5964,1.5934,1965,1.5835,1.5843,1.00,0.10
809830,1977,1.5932,1.5940,1959,1.5787,1.5835,1.00,0.10
810831,1977,1.5932,1.5942,1958,1.5779,1.5821,1.00,0.10
811832,1975,1.5916,1.5939,1957,1.5771,1.5804,1.00,0.10
812833,1975,1.5916,1.5933,1951,1.5722,1.5785,1.00,0.10
813834,1971,1.5884,1.5923,1938,1.5618,1.5757,1.00,0.10
814835,1972,1.5892,1.5911,1949,1.5706,1.5721,1.00,0.10
815836,1963,1.5819,1.5896,1946,1.5682,1.5694,1.00,0.10
816837,1973,1.5900,1.5879,1943,1.5658,1.5680,1.00,0.10
817838,1973,1.5900,1.5872,1931,1.5561,1.5663,1.00,0.10
818839,1975,1.5916,1.5878,1943,1.5658,1.5642,1.00,0.10
819840,1975,1.5916,1.5889,1933,1.5577,1.5625,1.00,0.10
820841,1977,1.5932,1.5902,1944,1.5666,1.5617,1.00,0.10
821842,1976,1.5924,1.5914,1948,1.5698,1.5623,1.00,0.10
822843,1976,1.5924,1.5922,1947,1.5690,1.5643,1.00,0.10
823844,1975,1.5916,1.5925,1951,1.5722,1.5667,1.00,0.10
824845,1978,1.5940,1.5926,1955,1.5755,1.5691,1.00,0.10
825846,1977,1.5932,1.5928,1957,1.5771,1.5718,1.00,0.10
826847,1977,1.5932,1.5930,1962,1.5811,1.5744,1.00,0.10
827848,1981,1.5964,1.5934,1959,1.5787,1.5769,1.00,0.10
828849,1979,1.5948,1.5940,1961,1.5803,1.5787,1.00,0.10
829850,1981,1.5964,1.5947,1970,1.5875,1.5802,1.00,0.10
830851,1983,1.5980,1.5955,1967,1.5851,1.5822,1.00,0.10
831852,1979,1.5948,1.5961,1967,1.5851,1.5840,1.00,0.10
832853,1981,1.5964,1.5964,1974,1.5908,1.5854,1.00,0.10
833854,1975,1.5916,1.5960,1968,1.5859,1.5867,1.00,0.10
834855,1977,1.5932,1.5951,1970,1.5875,1.5875,1.00,0.10
835856,1976,1.5924,1.5941,1963,1.5819,1.5873,1.00,0.10
836857,1975,1.5916,1.5932,1959,1.5787,1.5860,1.00,0.10
837858,1977,1.5932,1.5925,1959,1.5787,1.5837,1.00,0.10
838859,1975,1.5916,1.5922,1961,1.5803,1.5815,1.00,0.10
839860,1975,1.5916,1.5920,1957,1.5771,1.5799,1.00,0.10
840861,1975,1.5916,1.5918,1951,1.5722,1.5784,1.00,0.10
841862,1975,1.5916,1.5917,1951,1.5722,1.5764,1.00,0.10
842863,1977,1.5932,1.5917,1948,1.5698,1.5743,1.00,0.10
843864,1975,1.5916,1.5919,1947,1.5690,1.5724,1.00,0.10
844865,1964,1.5827,1.5914,1944,1.5666,1.5705,1.00,0.10
845866,1967,1.5851,1.5896,1943,1.5658,1.5688,1.00,0.10
846867,1977,1.5932,1.5880,1943,1.5658,1.5674,1.00,0.10
847868,1976,1.5924,1.5882,1945,1.5674,1.5664,1.00,0.10
848869,1990,1.6037,1.5902,1947,1.5690,1.5663,1.00,0.10
849870,1978,1.5940,1.5932,1945,1.5674,1.5668,1.00,0.10
850871,1976,1.5924,1.5952,1931,1.5561,1.5665,1.00,0.10
851872,1981,1.5964,1.5957,1959,1.5787,1.5658,1.00,0.10
852873,1979,1.5948,1.5957,1956,1.5763,1.5674,1.00,0.10
853874,1979,1.5948,1.5955,1955,1.5755,1.5705,1.00,0.10
854875,1978,1.5940,1.5952,1959,1.5787,1.5734,1.00,0.10
855876,1980,1.5956,1.5949,1960,1.5795,1.5759,1.00,0.10
856877,1979,1.5948,1.5948,1959,1.5787,1.5777,1.00,0.10
857878,1979,1.5948,1.5948,1961,1.5803,1.5789,1.00,0.10
858879,1979,1.5948,1.5948,1964,1.5827,1.5799,1.00,0.10
859880,1975,1.5916,1.5946,1967,1.5851,1.5810,1.00,0.10
860881,1979,1.5948,1.5941,1967,1.5851,1.5824,1.00,0.10
861882,1977,1.5932,1.5938,1965,1.5835,1.5836,1.00,0.10
862883,1988,1.6021,1.5942,1971,1.5884,1.5845,1.00,0.10
863884,1976,1.5924,1.5952,1975,1.5916,1.5858,1.00,0.10
864885,1981,1.5964,1.5958,1971,1.5884,1.5875,1.00,0.10
865886,1979,1.5948,1.5958,1971,1.5884,1.5886,1.00,0.10
866887,1977,1.5932,1.5956,1961,1.5803,1.5885,1.00,0.10
867888,1976,1.5924,1.5949,1957,1.5771,1.5865,1.00,0.10
868889,1979,1.5948,1.5941,1956,1.5763,1.5833,1.00,0.10
869890,1977,1.5932,1.5937,1955,1.5755,1.5801,1.00,0.10
870891,1978,1.5940,1.5936,1957,1.5771,1.5777,1.00,0.10
871892,1977,1.5932,1.5935,1949,1.5706,1.5760,1.00,0.10
872893,1973,1.5900,1.5932,1946,1.5682,1.5741,1.00,0.10
873894,1979,1.5948,1.5928,1947,1.5690,1.5719,1.00,0.10
874895,1977,1.5932,1.5927,1933,1.5577,1.5695,1.00,0.10
875896,1975,1.5916,1.5928,1951,1.5722,1.5670,1.00,0.10
876897,1979,1.5948,1.5928,1948,1.5698,1.5663,1.00,0.10
877898,1977,1.5932,1.5931,1951,1.5722,1.5672,1.00,0.10
878899,1981,1.5964,1.5935,1955,1.5755,1.5690,1.00,0.10
879900,1979,1.5948,1.5941,1952,1.5730,1.5711,1.00,0.10
880901,1979,1.5948,1.5947,1961,1.5803,1.5732,1.00,0.10
881902,1979,1.5948,1.5950,1963,1.5819,1.5755,1.00,0.10
882903,1983,1.5980,1.5952,1965,1.5835,1.5782,1.00,0.10
883904,1989,1.6029,1.5962,1971,1.5884,1.5810,1.00,0.10
884905,1982,1.5972,1.5977,1973,1.5900,1.5839,1.00,0.10
885906,1982,1.5972,1.5986,1976,1.5924,1.5868,1.00,0.10
886907,1979,1.5948,1.5984,1967,1.5851,1.5888,1.00,0.10
887908,1977,1.5932,1.5974,1967,1.5851,1.5892,1.00,0.10
888909,1975,1.5916,1.5959,1961,1.5803,1.5879,1.00,0.10
889910,1975,1.5916,1.5942,1963,1.5819,1.5857,1.00,0.10
890911,1979,1.5948,1.5930,1959,1.5787,1.5835,1.00,0.10
891912,1978,1.5940,1.5927,1955,1.5755,1.5813,1.00,0.10
892913,1976,1.5924,1.5929,1958,1.5779,1.5792,1.00,0.10
893914,1980,1.5956,1.5932,1956,1.5763,1.5777,1.00,0.10
894915,1981,1.5964,1.5938,1955,1.5755,1.5767,1.00,0.10
895916,1975,1.5916,1.5943,1949,1.5706,1.5757,1.00,0.10
896917,1976,1.5924,1.5942,1947,1.5690,1.5742,1.00,0.10
897918,1977,1.5932,1.5937,1947,1.5690,1.5722,1.00,0.10
898919,1979,1.5948,1.5934,1949,1.5706,1.5707,1.00,0.10
899920,1975,1.5916,1.5933,1947,1.5690,1.5698,1.00,0.10
900921,1975,1.5916,1.5930,1951,1.5722,1.5696,1.00,0.10
901922,1975,1.5916,1.5925,1951,1.5722,1.5700,1.00,0.10
902923,1981,1.5964,1.5924,1956,1.5763,1.5710,1.00,0.10
903924,1979,1.5948,1.5930,1955,1.5755,1.5725,1.00,0.10
904925,1981,1.5964,1.5939,1961,1.5803,1.5743,1.00,0.10
905926,1980,1.5956,1.5948,1962,1.5811,1.5764,1.00,0.10
906927,1981,1.5964,1.5955,1955,1.5755,1.5781,1.00,0.10
907928,1983,1.5980,1.5961,1969,1.5867,1.5792,1.00,0.10
908929,1981,1.5964,1.5966,1971,1.5884,1.5811,1.00,0.10
909930,1981,1.5964,1.5969,1965,1.5835,1.5834,1.00,0.10
910931,1988,1.6021,1.5973,1968,1.5859,1.5848,1.00,0.10
911932,1979,1.5948,1.5978,1970,1.5875,1.5857,1.00,0.10
912933,1979,1.5948,1.5977,1959,1.5787,1.5858,1.00,0.10
913934,1976,1.5924,1.5967,1958,1.5779,1.5845,1.00,0.10
914935,1979,1.5948,1.5955,1959,1.5787,1.5823,1.00,0.10
915936,1978,1.5940,1.5946,1958,1.5779,1.5803,1.00,0.10
916937,1979,1.5948,1.5941,1951,1.5722,1.5785,1.00,0.10
917938,1979,1.5948,1.5941,1940,1.5634,1.5758,1.00,0.10
918939,1980,1.5956,1.5943,1949,1.5706,1.5725,1.00,0.10
919940,1980,1.5956,1.5947,1948,1.5698,1.5700,1.00,0.10
920941,1979,1.5948,1.5950,1946,1.5682,1.5689,1.00,0.10
921942,1976,1.5924,1.5950,1944,1.5666,1.5683,1.00,0.10
922943,1982,1.5972,1.5948,1950,1.5714,1.5680,1.00,0.10
923944,1981,1.5964,1.5950,1957,1.5771,1.5688,1.00,0.10
924945,1981,1.5964,1.5955,1958,1.5779,1.5711,1.00,0.10
925946,1981,1.5964,1.5959,1957,1.5771,1.5737,1.00,0.10
926947,1981,1.5964,1.5963,1961,1.5803,1.5760,1.00,0.10
927948,1979,1.5948,1.5963,1959,1.5787,1.5778,1.00,0.10
928949,1981,1.5964,1.5962,1966,1.5843,1.5792,1.00,0.10
929950,1991,1.6045,1.5966,1971,1.5884,1.5811,1.00,0.10
930951,1983,1.5980,1.5979,1973,1.5900,1.5837,1.00,0.10
931952,1983,1.5980,1.5989,1967,1.5851,1.5860,1.00,0.10
932953,1983,1.5980,1.5991,1971,1.5884,1.5873,1.00,0.10
933954,1993,1.6061,1.5994,1973,1.5900,1.5880,1.00,0.10
934955,1979,1.5948,1.6000,1959,1.5787,1.5879,1.00,0.10
935956,1981,1.5964,1.5998,1963,1.5819,1.5864,1.00,0.10
936957,1978,1.5940,1.5985,1961,1.5803,1.5842,1.00,0.10
937958,1979,1.5948,1.5969,1960,1.5795,1.5823,1.00,0.10
938959,1977,1.5932,1.5956,1961,1.5803,1.5809,1.00,0.10
939960,1981,1.5964,1.5947,1957,1.5771,1.5799,1.00,0.10
940961,1979,1.5948,1.5945,1955,1.5755,1.5788,1.00,0.10
941962,1977,1.5932,1.5945,1949,1.5706,1.5772,1.00,0.10
942963,1976,1.5924,1.5942,1943,1.5658,1.5748,1.00,0.10
943964,1979,1.5948,1.5938,1947,1.5690,1.5719,1.00,0.10
944965,1979,1.5948,1.5937,1947,1.5690,1.5697,1.00,0.10
945966,1972,1.5892,1.5936,1944,1.5666,1.5685,1.00,0.10
946967,1976,1.5924,1.5930,1949,1.5706,1.5679,1.00,0.10
947968,1981,1.5964,1.5926,1951,1.5722,1.5682,1.00,0.10
948969,1979,1.5948,1.5931,1951,1.5722,1.5693,1.00,0.10
949970,1979,1.5948,1.5939,1959,1.5787,1.5710,1.00,0.10
950971,1983,1.5980,1.5947,1959,1.5787,1.5733,1.00,0.10
951972,1980,1.5956,1.5955,1959,1.5787,1.5757,1.00,0.10
952973,1981,1.5964,1.5961,1963,1.5819,1.5777,1.00,0.10
953974,1979,1.5948,1.5963,1963,1.5819,1.5795,1.00,0.10
954975,1979,1.5948,1.5960,1963,1.5819,1.5808,1.00,0.10
955976,1976,1.5924,1.5955,1971,1.5884,1.5821,1.00,0.10
956977,1983,1.5980,1.5949,1971,1.5884,1.5839,1.00,0.10
957978,1977,1.5932,1.5948,1967,1.5851,1.5856,1.00,0.10
958979,1976,1.5924,1.5946,1960,1.5795,1.5860,1.00,0.10
959980,1974,1.5908,1.5939,1959,1.5787,1.5848,1.00,0.10
960981,1977,1.5932,1.5930,1955,1.5755,1.5824,1.00,0.10
961982,1975,1.5916,1.5924,1955,1.5755,1.5798,1.00,0.10
962983,1977,1.5932,1.5922,1949,1.5706,1.5772,1.00,0.10
963984,1978,1.5940,1.5923,1947,1.5690,1.5746,1.00,0.10
964985,1975,1.5916,1.5926,1943,1.5658,1.5719,1.00,0.10
965986,1972,1.5892,1.5924,1932,1.5569,1.5687,1.00,0.10
966987,1975,1.5916,1.5918,1941,1.5642,1.5653,1.00,0.10
967988,1966,1.5843,1.5908,1944,1.5666,1.5633,1.00,0.10
968989,1978,1.5940,1.5898,1949,1.5706,1.5635,1.00,0.10
969990,1975,1.5916,1.5897,1949,1.5706,1.5652,1.00,0.10
970991,1983,1.5980,1.5908,1950,1.5714,1.5674,1.00,0.10
971992,1977,1.5932,1.5924,1957,1.5771,1.5697,1.00,0.10
972993,1976,1.5924,1.5936,1957,1.5771,1.5723,1.00,0.10
973994,1981,1.5964,1.5940,1961,1.5803,1.5749,1.00,0.10
974995,1979,1.5948,1.5945,1961,1.5803,1.5772,1.00,0.10
975996,1980,1.5956,1.5949,1959,1.5787,1.5789,1.00,0.10
976997,1977,1.5932,1.5951,1959,1.5787,1.5796,1.00,0.10
977998,1974,1.5908,1.5946,1957,1.5771,1.5796,1.00,0.10
978999,1975,1.5916,1.5936,1957,1.5771,1.5790,1.00,0.10
980000,1973,1.5900,1.5925,1950,1.5714,1.5778,1.00,0.10
981001,1978,1.5940,1.5917,1950,1.5714,1.5760,1.00,0.10
982002,1973,1.5900,1.5915,1949,1.5706,1.5740,1.00,0.10
983003,1972,1.5892,1.5912,1945,1.5674,1.5721,1.00,0.10
984004,1973,1.5900,1.5906,1941,1.5642,1.5700,1.00,0.10
985005,1973,1.5900,1.5902,1943,1.5658,1.5679,1.00,0.10
986006,1975,1.5916,1.5900,1943,1.5658,1.5664,1.00,0.10
987007,1977,1.5932,1.5904,1943,1.5658,1.5656,1.00,0.10
988008,1977,1.5932,1.5912,1947,1.5690,1.5655,1.00,0.10
989009,1979,1.5948,1.5922,1957,1.5771,1.5668,1.00,0.10
990010,1977,1.5932,1.5931,1951,1.5722,1.5692,1.00,0.10
991011,1975,1.5916,1.5935,1957,1.5771,1.5717,1.00,0.10
992012,1977,1.5932,1.5933,1955,1.5755,1.5737,1.00,0.10
993013,1980,1.5956,1.5933,1956,1.5763,1.5752,1.00,0.10
994014,1979,1.5948,1.5937,1965,1.5835,1.5765,1.00,0.10
995015,1977,1.5932,1.5941,1965,1.5835,1.5785,1.00,0.10
996016,1975,1.5916,1.5940,1966,1.5843,1.5807,1.00,0.10
997017,1979,1.5948,1.5937,1961,1.5803,1.5823,1.00,0.10
998018,1975,1.5916,1.5934,1964,1.5827,1.5828,1.00,0.10
999019,1976,1.5924,1.5930,1959,1.5787,1.5826,1.00,0.10
1000020,1975,1.5916,1.5926,1963,1.5819,1.5819,1.00,0.10
1001021,1975,1.5916,1.5922,1951,1.5722,1.5808,1.00,0.10
1002022,1973,1.5900,1.5918,1955,1.5755,1.5789,1.00,0.10
1003023,1971,1.5884,1.5911,1948,1.5698,1.5766,1.00,0.10
1004024,1976,1.5924,1.5905,1949,1.5706,1.5742,1.00,0.10
1005025,1973,1.5900,1.5903,1945,1.5674,1.5720,1.00,0.10
1006026,1975,1.5916,1.5904,1927,1.5529,1.5691,1.00,0.10
1007027,1973,1.5900,1.5905,1942,1.5650,1.5653,1.00,0.10
1008028,1975,1.5916,1.5907,1939,1.5626,1.5627,1.00,0.10
1009029,1967,1.5851,1.5904,1946,1.5682,1.5621,1.00,0.10
1010030,1971,1.5884,1.5895,1945,1.5674,1.5631,1.00,0.10
1011031,1975,1.5916,1.5889,1947,1.5690,1.5648,1.00,0.10
1012032,1976,1.5924,1.5891,1949,1.5706,1.5667,1.00,0.10
1013033,1975,1.5916,1.5900,1951,1.5722,1.5685,1.00,0.10
1014034,1977,1.5932,1.5910,1951,1.5722,1.5701,1.00,0.10
1015035,1975,1.5916,1.5917,1958,1.5779,1.5718,1.00,0.10
1016036,1975,1.5916,1.5921,1957,1.5771,1.5737,1.00,0.10
1017037,1981,1.5964,1.5925,1964,1.5827,1.5758,1.00,0.10
1018038,1977,1.5932,1.5931,1959,1.5787,1.5779,1.00,0.10
1019039,1975,1.5916,1.5935,1965,1.5835,1.5796,1.00,0.10
1020040,1974,1.5908,1.5932,1959,1.5787,1.5807,1.00,0.10
1021041,1973,1.5900,1.5924,1965,1.5835,1.5812,1.00,0.10
1022042,1977,1.5932,1.5917,1960,1.5795,1.5815,1.00,0.10
1023043,1973,1.5900,1.5914,1957,1.5771,1.5812,1.00,0.10
1024044,1972,1.5892,1.5910,1955,1.5755,1.5800,1.00,0.10
1025045,1971,1.5884,1.5904,1947,1.5690,1.5779,1.00,0.10
1026046,1975,1.5916,1.5898,1947,1.5690,1.5751,1.00,0.10
1027047,1967,1.5851,1.5894,1942,1.5650,1.5720,1.00,0.10
1028048,1973,1.5900,1.5889,1935,1.5593,1.5688,1.00,0.10
1029049,1974,1.5908,1.5887,1941,1.5642,1.5656,1.00,0.10
1030050,1977,1.5932,1.5892,1946,1.5682,1.5638,1.00,0.10
1031051,1977,1.5932,1.5904,1945,1.5674,1.5640,1.00,0.10
1032052,1973,1.5900,1.5914,1945,1.5674,1.5650,1.00,0.10
1033053,1975,1.5916,1.5918,1951,1.5722,1.5664,1.00,0.10
1034054,1976,1.5924,1.5918,1955,1.5755,1.5684,1.00,0.10
1035055,1975,1.5916,1.5919,1955,1.5755,1.5710,1.00,0.10
1036056,1975,1.5916,1.5919,1957,1.5771,1.5733,1.00,0.10
1037057,1979,1.5948,1.5920,1961,1.5803,1.5754,1.00,0.10
1038058,1975,1.5916,1.5924,1961,1.5803,1.5774,1.00,0.10
1039059,1978,1.5940,1.5927,1964,1.5827,1.5791,1.00,0.10
1040060,1975,1.5916,1.5929,1964,1.5827,1.5807,1.00,0.10
1041061,1976,1.5924,1.5928,1952,1.5730,1.5812,1.00,0.10
1042062,1972,1.5892,1.5924,1952,1.5730,1.5799,1.00,0.10
1043063,1973,1.5900,1.5916,1951,1.5722,1.5774,1.00,0.10
1044064,1973,1.5900,1.5908,1951,1.5722,1.5751,1.00,0.10
1045065,1971,1.5884,1.5901,1945,1.5674,1.5730,1.00,0.10
1046066,1975,1.5916,1.5897,1950,1.5714,1.5712,1.00,0.10
1047067,1971,1.5884,1.5896,1947,1.5690,1.5701,1.00,0.10
1048068,1971,1.5884,1.5894,1944,1.5666,1.5694,1.00,0.10
1049069,1972,1.5892,1.5891,1943,1.5658,1.5684,1.00,0.10
1050070,1971,1.5884,1.5889,1939,1.5626,1.5671,1.00,0.10
1051071,1973,1.5900,1.5888,1942,1.5650,1.5658,1.00,0.10
1052072,1967,1.5851,1.5887,1929,1.5545,1.5641,1.00,0.10
1053073,1963,1.5819,1.5878,1942,1.5650,1.5623,1.00,0.10
1054074,1975,1.5916,1.5867,1944,1.5666,1.5616,1.00,0.10
1055075,1975,1.5916,1.5869,1947,1.5690,1.5628,1.00,0.10
1056076,1979,1.5948,1.5885,1947,1.5690,1.5648,1.00,0.10
1057077,1975,1.5916,1.5904,1948,1.5698,1.5668,1.00,0.10
1058078,1974,1.5908,1.5917,1947,1.5690,1.5683,1.00,0.10
1059079,1975,1.5916,1.5921,1949,1.5706,1.5693,1.00,0.10
1060080,1975,1.5916,1.5920,1949,1.5706,1.5700,1.00,0.10
1061081,1963,1.5819,1.5913,1951,1.5722,1.5705,1.00,0.10
1062082,1975,1.5916,1.5897,1956,1.5763,1.5714,1.00,0.10
1063083,1977,1.5932,1.5890,1955,1.5755,1.5727,1.00,0.10
1064084,1978,1.5940,1.5898,1961,1.5803,1.5744,1.00,0.10
1065085,1976,1.5924,1.5911,1960,1.5795,1.5763,1.00,0.10
1066086,1975,1.5916,1.5920,1958,1.5779,1.5779,1.00,0.10
1067087,1975,1.5916,1.5924,1964,1.5827,1.5790,1.00,0.10
1068088,1973,1.5900,1.5922,1959,1.5787,1.5798,1.00,0.10
1069089,1974,1.5908,1.5917,1957,1.5771,1.5800,1.00,0.10
1070090,1970,1.5875,1.5909,1958,1.5779,1.5795,1.00,0.10
1071091,1976,1.5924,1.5903,1951,1.5722,1.5784,1.00,0.10
1072092,1971,1.5884,1.5900,1949,1.5706,1.5765,1.00,0.10
1073093,1967,1.5851,1.5895,1949,1.5706,1.5743,1.00,0.10
1074094,1971,1.5884,1.5885,1947,1.5690,1.5723,1.00,0.10
1075095,1972,1.5892,1.5879,1945,1.5674,1.5706,1.00,0.10
1076096,1967,1.5851,1.5877,1943,1.5658,1.5690,1.00,0.10
1077097,1967,1.5851,1.5872,1942,1.5650,1.5675,1.00,0.10
1078098,1960,1.5795,1.5860,1943,1.5658,1.5664,1.00,0.10
1079099,1971,1.5884,1.5848,1942,1.5650,1.5656,1.00,0.10
1080100,1971,1.5884,1.5846,1944,1.5666,1.5653,1.00,0.10
1081101,1975,1.5916,1.5858,1945,1.5674,1.5655,1.00,0.10
1082102,1975,1.5916,1.5876,1943,1.5658,1.5659,1.00,0.10
1083103,1971,1.5884,1.5892,1947,1.5690,1.5664,1.00,0.10
1084104,1973,1.5900,1.5900,1947,1.5690,1.5671,1.00,0.10
1085105,1972,1.5892,1.5901,1955,1.5755,1.5683,1.00,0.10
1086106,1972,1.5892,1.5900,1955,1.5755,1.5703,1.00,0.10
1087107,1979,1.5948,1.5901,1959,1.5787,1.5728,1.00,0.10
1088108,1963,1.5819,1.5901,1959,1.5787,1.5751,1.00,0.10
1089109,1979,1.5948,1.5897,1960,1.5795,1.5771,1.00,0.10
1090110,1971,1.5884,1.5896,1957,1.5771,1.5784,1.00,0.10
1091111,1959,1.5787,1.5890,1949,1.5706,1.5783,1.00,0.10
1092112,1967,1.5851,1.5870,1951,1.5722,1.5767,1.00,0.10
1093113,1971,1.5884,1.5855,1951,1.5722,1.5747,1.00,0.10
1094114,1971,1.5884,1.5854,1951,1.5722,1.5733,1.00,0.10
1095115,1967,1.5851,1.5860,1945,1.5674,1.5720,1.00,0.10
1096116,1971,1.5884,1.5864,1945,1.5674,1.5706,1.00,0.10
1097117,1967,1.5851,1.5867,1943,1.5658,1.5690,1.00,0.10
1098118,1971,1.5884,1.5868,1941,1.5642,1.5675,1.00,0.10
1099119,1971,1.5884,1.5871,1939,1.5626,1.5660,1.00,0.10
1100120,1967,1.5851,1.5873,1935,1.5593,1.5643,1.00,0.10
1101121,1967,1.5851,1.5870,1947,1.5690,1.5632,1.00,0.10
1102122,1952,1.5730,1.5856,1937,1.5610,1.5631,1.00,0.10
1103123,1973,1.5900,1.5836,1941,1.5642,1.5632,1.00,0.10
1104124,1965,1.5835,1.5829,1943,1.5658,1.5634,1.00,0.10
1105125,1973,1.5900,1.5836,1949,1.5706,1.5644,1.00,0.10
1106126,1971,1.5884,1.5851,1951,1.5722,1.5662,1.00,0.10
1107127,1973,1.5900,1.5868,1960,1.5795,1.5690,1.00,0.10
1108128,1977,1.5932,1.5885,1959,1.5787,1.5724,1.00,0.10
1109129,1975,1.5916,1.5901,1957,1.5771,1.5755,1.00,0.10
1110130,1967,1.5851,1.5908,1951,1.5722,1.5769,1.00,0.10
1111131,1965,1.5835,1.5899,1951,1.5722,1.5766,1.00,0.10
1112132,1973,1.5900,1.5884,1951,1.5722,1.5753,1.00,0.10
1113133,1967,1.5851,1.5874,1948,1.5698,1.5738,1.00,0.10
1114134,1971,1.5884,1.5869,1945,1.5674,1.5721,1.00,0.10
1115135,1971,1.5884,1.5869,1943,1.5658,1.5702,1.00,0.10
1116136,1967,1.5851,1.5871,1939,1.5626,1.5681,1.00,0.10
1117137,1965,1.5835,1.5867,1940,1.5634,1.5660,1.00,0.10
1118138,1967,1.5851,1.5859,1929,1.5545,1.5638,1.00,0.10
1119139,1965,1.5835,1.5852,1933,1.5577,1.5612,1.00,0.10
1120140,1971,1.5884,1.5848,1939,1.5626,1.5593,1.00,0.10
1121141,1966,1.5843,1.5851,1947,1.5690,1.5595,1.00,0.10
1122142,1971,1.5884,1.5855,1945,1.5674,1.5616,1.00,0.10
1123143,1968,1.5859,1.5860,1941,1.5642,1.5639,1.00,0.10
1124144,1968,1.5859,1.5864,1947,1.5690,1.5655,1.00,0.10
1125145,1977,1.5932,1.5869,1945,1.5674,1.5667,1.00,0.10
1126146,1967,1.5851,1.5878,1948,1.5698,1.5676,1.00,0.10
1127147,1972,1.5892,1.5882,1949,1.5706,1.5685,1.00,0.10
1128148,1973,1.5900,1.5885,1947,1.5690,1.5693,1.00,0.10
1129149,1972,1.5892,1.5888,1957,1.5771,1.5702,1.00,0.10
1130150,1972,1.5892,1.5891,1959,1.5787,1.5720,1.00,0.10
1131151,1967,1.5851,1.5890,1956,1.5763,1.5743,1.00,0.10
1132152,1975,1.5916,1.5886,1949,1.5706,1.5755,1.00,0.10
1133153,1971,1.5884,1.5886,1951,1.5722,1.5752,1.00,0.10
1134154,1971,1.5884,1.5887,1957,1.5771,1.5745,1.00,0.10
1135155,1971,1.5884,1.5887,1949,1.5706,1.5741,1.00,0.10
1136156,1973,1.5900,1.5887,1948,1.5698,1.5734,1.00,0.10
1137157,1971,1.5884,1.5888,1950,1.5714,1.5723,1.00,0.10
1138158,1967,1.5851,1.5886,1947,1.5690,1.5713,1.00,0.10
1139159,1968,1.5859,1.5879,1945,1.5674,1.5704,1.00,0.10
1140160,1967,1.5851,1.5869,1947,1.5690,1.5694,1.00,0.10
1141161,1967,1.5851,1.5861,1941,1.5642,1.5684,1.00,0.10
1142162,1967,1.5851,1.5855,1939,1.5626,1.5671,1.00,0.10
1143163,1965,1.5835,1.5850,1939,1.5626,1.5655,1.00,0.10
1144164,1965,1.5835,1.5846,1932,1.5569,1.5636,1.00,0.10
1145165,1963,1.5819,1.5840,1934,1.5585,1.5615,1.00,0.10
1146166,1965,1.5835,1.5834,1939,1.5626,1.5600,1.00,0.10
1147167,1970,1.5875,1.5833,1939,1.5626,1.5598,1.00,0.10
1148168,1971,1.5884,1.5842,1935,1.5593,1.5603,1.00,0.10
1149169,1967,1.5851,1.5854,1943,1.5658,1.5608,1.00,0.10
1150170,1972,1.5892,1.5864,1947,1.5690,1.5622,1.00,0.10
1151171,1967,1.5851,1.5869,1947,1.5690,1.5644,1.00,0.10
1152172,1967,1.5851,1.5870,1949,1.5706,1.5666,1.00,0.10
1153173,1972,1.5892,1.5867,1949,1.5706,1.5685,1.00,0.10
1154174,1975,1.5916,1.5872,1949,1.5706,1.5699,1.00,0.10
1155175,1974,1.5908,1.5884,1956,1.5763,1.5710,1.00,0.10
1156176,1975,1.5916,1.5896,1959,1.5787,1.5727,1.00,0.10
1157177,1972,1.5892,1.5904,1955,1.5755,1.5746,1.00,0.10
1158178,1963,1.5819,1.5901,1945,1.5674,1.5753,1.00,0.10
1159179,1965,1.5835,1.5883,1948,1.5698,1.5742,1.00,0.10
1160180,1971,1.5884,1.5865,1947,1.5690,1.5723,1.00,0.10
1161181,1967,1.5851,1.5857,1944,1.5666,1.5705,1.00,0.10
1162182,1963,1.5819,1.5852,1943,1.5658,1.5689,1.00,0.10
1163183,1971,1.5884,1.5848,1938,1.5618,1.5671,1.00,0.10
1164184,1965,1.5835,1.5848,1931,1.5561,1.5648,1.00,0.10
1165185,1965,1.5835,1.5848,1941,1.5642,1.5625,1.00,0.10
1166186,1957,1.5771,1.5840,1939,1.5626,1.5613,1.00,0.10
1167187,1965,1.5835,1.5827,1949,1.5706,1.5618,1.00,0.10
1168188,1965,1.5835,1.5819,1944,1.5666,1.5636,1.00,0.10
1169189,1967,1.5851,1.5821,1947,1.5690,1.5656,1.00,0.10
1170190,1971,1.5884,1.5832,1957,1.5771,1.5677,1.00,0.10
1171191,1972,1.5892,1.5848,1951,1.5722,1.5702,1.00,0.10
1172192,1973,1.5900,1.5867,1951,1.5722,1.5721,1.00,0.10
1173193,1971,1.5884,1.5882,1956,1.5763,1.5732,1.00,0.10
1174194,1973,1.5900,1.5890,1959,1.5787,1.5744,1.00,0.10
1175195,1967,1.5851,1.5892,1945,1.5674,1.5751,1.00,0.10
1176196,1963,1.5819,1.5883,1946,1.5682,1.5741,1.00,0.10
1177197,1967,1.5851,1.5866,1941,1.5642,1.5718,1.00,0.10
1178198,1965,1.5835,1.5852,1941,1.5642,1.5691,1.00,0.10
1179199,1963,1.5819,1.5842,1943,1.5658,1.5667,1.00,0.10
1180200,1963,1.5819,1.5832,1942,1.5650,1.5653,1.00,0.10
1181201,1961,1.5803,1.5824,1939,1.5626,1.5646,1.00,0.10
1182202,1965,1.5835,1.5818,1931,1.5561,1.5634,1.00,0.10
1183203,1965,1.5835,1.5818,1933,1.5577,1.5615,1.00,0.10
1184204,1959,1.5787,1.5819,1937,1.5610,1.5598,1.00,0.10
1185205,1963,1.5819,1.5817,1933,1.5577,1.5590,1.00,0.10
1186206,1959,1.5787,1.5812,1935,1.5593,1.5586,1.00,0.10
1187207,1963,1.5819,1.5807,1935,1.5593,1.5586,1.00,0.10
1188208,1965,1.5835,1.5808,1935,1.5593,1.5587,1.00,0.10
1189209,1965,1.5835,1.5814,1939,1.5626,1.5592,1.00,0.10
1190210,1962,1.5811,1.5821,1942,1.5650,1.5602,1.00,0.10
1191211,1967,1.5851,1.5825,1941,1.5642,1.5617,1.00,0.10
1192212,1971,1.5884,1.5834,1944,1.5666,1.5632,1.00,0.10
1193213,1967,1.5851,1.5846,1945,1.5674,1.5646,1.00,0.10
1194214,1966,1.5843,1.5854,1949,1.5706,1.5661,1.00,0.10
1195215,1967,1.5851,1.5856,1947,1.5690,1.5676,1.00,0.10
1196216,1971,1.5884,1.5857,1955,1.5755,1.5692,1.00,0.10
1197217,1967,1.5851,1.5860,1951,1.5722,1.5708,1.00,0.10
1198218,1971,1.5884,1.5863,1951,1.5722,1.5721,1.00,0.10
1199219,1968,1.5859,1.5866,1955,1.5755,1.5729,1.00,0.10
1200220,1967,1.5851,1.5867,1952,1.5730,1.5735,1.00,0.10
1201221,1965,1.5835,1.5862,1955,1.5755,1.5740,1.00,0.10
1202222,1967,1.5851,1.5855,1942,1.5650,1.5737,1.00,0.10
1203223,1967,1.5851,1.5850,1947,1.5690,1.5722,1.00,0.10
1204224,1959,1.5787,1.5844,1945,1.5674,1.5703,1.00,0.10
1205225,1965,1.5835,1.5834,1944,1.5666,1.5688,1.00,0.10
1206226,1962,1.5811,1.5825,1948,1.5698,1.5679,1.00,0.10
1207227,1964,1.5827,1.5820,1939,1.5626,1.5673,1.00,0.10
1208228,1963,1.5819,1.5819,1931,1.5561,1.5658,1.00,0.10
1209229,1972,1.5892,1.5823,1939,1.5626,1.5635,1.00,0.10
1210230,1961,1.5803,1.5833,1919,1.5464,1.5607,1.00,0.10
1211231,1962,1.5811,1.5835,1932,1.5569,1.5575,1.00,0.10
1212232,1967,1.5851,1.5832,1933,1.5577,1.5554,1.00,0.10
1213233,1965,1.5835,1.5832,1927,1.5529,1.5548,1.00,0.10
1214234,1963,1.5819,1.5833,1941,1.5642,1.5551,1.00,0.10
1215235,1961,1.5803,1.5829,1941,1.5642,1.5569,1.00,0.10
1216236,1967,1.5851,1.5825,1945,1.5674,1.5598,1.00,0.10
1217237,1967,1.5851,1.5827,1942,1.5650,1.5627,1.00,0.10
1218238,1967,1.5851,1.5835,1948,1.5698,1.5650,1.00,0.10
1219239,1965,1.5835,1.5841,1951,1.5722,1.5671,1.00,0.10
1220240,1965,1.5835,1.5843,1951,1.5722,1.5692,1.00,0.10
1221241,1965,1.5835,1.5842,1951,1.5722,1.5709,1.00,0.10
1222242,1965,1.5835,1.5840,1933,1.5577,1.5709,1.00,0.10
1223243,1967,1.5851,1.5838,1949,1.5706,1.5693,1.00,0.10
1224244,1963,1.5819,1.5838,1947,1.5690,1.5680,1.00,0.10
1225245,1965,1.5835,1.5836,1943,1.5658,1.5676,1.00,0.10
1226246,1963,1.5819,1.5833,1943,1.5658,1.5672,1.00,0.10
1227247,1963,1.5819,1.5829,1942,1.5650,1.5666,1.00,0.10
1228248,1963,1.5819,1.5825,1942,1.5650,1.5659,1.00,0.10
1229249,1963,1.5819,1.5821,1933,1.5577,1.5649,1.00,0.10
1230250,1963,1.5819,1.5819,1930,1.5553,1.5629,1.00,0.10
1231251,1962,1.5811,1.5818,1930,1.5553,1.5602,1.00,0.10
1232252,1961,1.5803,1.5815,1930,1.5553,1.5577,1.00,0.10
1233253,1961,1.5803,1.5812,1931,1.5561,1.5561,1.00,0.10
1234254,1964,1.5827,1.5809,1942,1.5650,1.5560,1.00,0.10
1235255,1965,1.5835,1.5812,1939,1.5626,1.5576,1.00,0.10
1236256,1965,1.5835,1.5819,1941,1.5642,1.5599,1.00,0.10
1237257,1963,1.5819,1.5825,1943,1.5658,1.5620,1.00,0.10
1238258,1967,1.5851,1.5829,1943,1.5658,1.5638,1.00,0.10
1239259,1965,1.5835,1.5834,1941,1.5642,1.5649,1.00,0.10
1240260,1971,1.5884,1.5840,1943,1.5658,1.5654,1.00,0.10
1241261,1963,1.5819,1.5847,1943,1.5658,1.5656,1.00,0.10
1242262,1964,1.5827,1.5847,1939,1.5626,1.5655,1.00,0.10
1243263,1971,1.5884,1.5845,1949,1.5706,1.5655,1.00,0.10
1244264,1971,1.5884,1.5851,1947,1.5690,1.5662,1.00,0.10
1245265,1963,1.5819,1.5858,1951,1.5722,1.5676,1.00,0.10
1246266,1966,1.5843,1.5856,1945,1.5674,1.5688,1.00,0.10
1247267,1965,1.5835,1.5850,1955,1.5755,1.5699,1.00,0.10
1248268,1965,1.5835,1.5844,1943,1.5658,1.5706,1.00,0.10
1249269,1966,1.5843,1.5840,1950,1.5714,1.5706,1.00,0.10
1250270,1966,1.5843,1.5838,1939,1.5626,1.5699,1.00,0.10
1251271,1955,1.5755,1.5833,1947,1.5690,1.5686,1.00,0.10
1252272,1965,1.5835,1.5821,1944,1.5666,1.5676,1.00,0.10
1253273,1963,1.5819,1.5814,1943,1.5658,1.5670,1.00,0.10
1254274,1960,1.5795,1.5811,1943,1.5658,1.5665,1.00,0.10
1255275,1960,1.5795,1.5808,1941,1.5642,1.5660,1.00,0.10
1256276,1961,1.5803,1.5803,1939,1.5626,1.5653,1.00,0.10
1257277,1961,1.5803,1.5801,1935,1.5593,1.5642,1.00,0.10
1258278,1951,1.5722,1.5795,1934,1.5585,1.5625,1.00,0.10
1259279,1965,1.5835,1.5786,1933,1.5577,1.5608,1.00,0.10
1260280,1963,1.5819,1.5787,1935,1.5593,1.5594,1.00,0.10
1261281,1959,1.5787,1.5795,1931,1.5561,1.5585,1.00,0.10
1262282,1962,1.5811,1.5800,1935,1.5593,1.5579,1.00,0.10
1263283,1965,1.5835,1.5805,1944,1.5666,1.5583,1.00,0.10
1264284,1963,1.5819,1.5812,1939,1.5626,1.5600,1.00,0.10
1265285,1966,1.5843,1.5820,1933,1.5577,1.5613,1.00,0.10
1266286,1965,1.5835,1.5827,1939,1.5626,1.5615,1.00,0.10
1267287,1963,1.5819,1.5832,1941,1.5642,1.5617,1.00,0.10
1268288,1964,1.5827,1.5832,1945,1.5674,1.5625,1.00,0.10
1269289,1963,1.5819,1.5830,1943,1.5658,1.5639,1.00,0.10
1270290,1961,1.5803,1.5825,1941,1.5642,1.5649,1.00,0.10
1271291,1967,1.5851,1.5822,1943,1.5658,1.5654,1.00,0.10
1272292,1965,1.5835,1.5824,1949,1.5706,1.5659,1.00,0.10
1273293,1963,1.5819,1.5828,1949,1.5706,1.5671,1.00,0.10
1274294,1965,1.5835,1.5829,1947,1.5690,1.5684,1.00,0.10
1275295,1963,1.5819,1.5829,1946,1.5682,1.5692,1.00,0.10
1276296,1961,1.5803,1.5827,1943,1.5658,1.5691,1.00,0.10
1277297,1951,1.5722,1.5815,1939,1.5626,1.5681,1.00,0.10
1278298,1962,1.5811,1.5796,1944,1.5666,1.5667,1.00,0.10
1279299,1960,1.5795,1.5786,1939,1.5626,1.5656,1.00,0.10
1280300,1961,1.5803,1.5785,1934,1.5585,1.5643,1.00,0.10
1281301,1957,1.5771,1.5787,1939,1.5626,1.5627,1.00,0.10
1282302,1960,1.5795,1.5787,1933,1.5577,1.5615,1.00,0.10
1283303,1963,1.5819,1.5789,1935,1.5593,1.5604,1.00,0.10
1284304,1963,1.5819,1.5797,1931,1.5561,1.5593,1.00,0.10
1285305,1959,1.5787,1.5804,1931,1.5561,1.5582,1.00,0.10
1286306,1961,1.5803,1.5805,1933,1.5577,1.5573,1.00,0.10
1287307,1957,1.5771,1.5802,1933,1.5577,1.5569,1.00,0.10
1288308,1959,1.5787,1.5795,1917,1.5448,1.5561,1.00,0.10
1289309,1960,1.5795,1.5790,1935,1.5593,1.5546,1.00,0.10
1290310,1967,1.5851,1.5792,1940,1.5634,1.5545,1.00,0.10
1291311,1963,1.5819,1.5803,1941,1.5642,1.5567,1.00,0.10
1292312,1960,1.5795,1.5812,1938,1.5618,1.5594,1.00,0.10
1293313,1963,1.5819,1.5815,1941,1.5642,1.5614,1.00,0.10
1294314,1961,1.5803,1.5814,1941,1.5642,1.5629,1.00,0.10
1295315,1963,1.5819,1.5813,1947,1.5690,1.5641,1.00,0.10
1296316,1960,1.5795,1.5812,1947,1.5690,1.5657,1.00,0.10
1297317,1963,1.5819,1.5810,1947,1.5690,1.5672,1.00,0.10
1298318,1961,1.5803,1.5809,1943,1.5658,1.5681,1.00,0.10
1299319,1963,1.5819,1.5809,1943,1.5658,1.5681,1.00,0.10
1300320,1959,1.5787,1.5808,1940,1.5634,1.5673,1.00,0.10
1301321,1961,1.5803,1.5806,1945,1.5674,1.5663,1.00,0.10
1302322,1959,1.5787,1.5802,1940,1.5634,1.5657,1.00,0.10
1303323,1959,1.5787,1.5797,1939,1.5626,1.5650,1.00,0.10
1304324,1959,1.5787,1.5792,1933,1.5577,1.5638,1.00,0.10
1305325,1957,1.5771,1.5788,1929,1.5545,1.5618,1.00,0.10
1306326,1960,1.5795,1.5784,1935,1.5593,1.5595,1.00,0.10
1307327,1957,1.5771,1.5782,1933,1.5577,1.5581,1.00,0.10
1308328,1957,1.5771,1.5780,1931,1.5561,1.5574,1.00,0.10
1309329,1960,1.5795,1.5778,1929,1.5545,1.5568,1.00,0.10
1310330,1962,1.5811,1.5781,1927,1.5529,1.5559,1.00,0.10
1311331,1951,1.5722,1.5784,1933,1.5577,1.5552,1.00,0.10
1312332,1965,1.5835,1.5782,1919,1.5464,1.5545,1.00,0.10
1313333,1961,1.5803,1.5785,1933,1.5577,1.5535,1.00,0.10
1314334,1961,1.5803,1.5794,1935,1.5593,1.5536,1.00,0.10
1315335,1957,1.5771,1.5798,1939,1.5626,1.5553,1.00,0.10
1316336,1963,1.5819,1.5797,1941,1.5642,1.5579,1.00,0.10
1317337,1963,1.5819,1.5800,1937,1.5610,1.5603,1.00,0.10
1318338,1960,1.5795,1.5804,1941,1.5642,1.5619,1.00,0.10
1319339,1964,1.5827,1.5808,1945,1.5674,1.5632,1.00,0.10
1320340,1959,1.5787,1.5809,1949,1.5706,1.5648,1.00,0.10
